id,x,y,right,bottom
2474,-2.607829566,52.91579018,-2.607729566,52.91589018
2475,-2.607829566,52.91569018,-2.607729566,52.91579018
2517,-2.607729566,52.91589018,-2.607629566,52.91599018
2518,-2.607729566,52.91579018,-2.607629566,52.91589018
2519,-2.607729566,52.91569018,-2.607629566,52.91579018
2561,-2.607629566,52.91589018,-2.607529566,52.91599018
2562,-2.607629566,52.91579018,-2.607529566,52.91589018
2563,-2.607629566,52.91569018,-2.607529566,52.91579018
2605,-2.607529566,52.91589018,-2.607429566,52.91599018
2606,-2.607529566,52.91579018,-2.607429566,52.91589018
2607,-2.607529566,52.91569018,-2.607429566,52.91579018
2648,-2.607429566,52.91599018,-2.607329566,52.91609018
2649,-2.607429566,52.91589018,-2.607329566,52.91599018
2650,-2.607429566,52.91579018,-2.607329566,52.91589018
2651,-2.607429566,52.91569018,-2.607329566,52.91579018
2692,-2.607329566,52.91599018,-2.607229566,52.91609018
2693,-2.607329566,52.91589018,-2.607229566,52.91599018
2694,-2.607329566,52.91579018,-2.607229566,52.91589018
2695,-2.607329566,52.91569018,-2.607229566,52.91579018
2736,-2.607229566,52.91599018,-2.607129566,52.91609018
2737,-2.607229566,52.91589018,-2.607129566,52.91599018
2738,-2.607229566,52.91579018,-2.607129566,52.91589018
2739,-2.607229566,52.91569018,-2.607129566,52.91579018
2780,-2.607129566,52.91599018,-2.607029566,52.91609018
2781,-2.607129566,52.91589018,-2.607029566,52.91599018
2782,-2.607129566,52.91579018,-2.607029566,52.91589018
2783,-2.607129566,52.91569018,-2.607029566,52.91579018
2823,-2.607029566,52.91609018,-2.606929566,52.91619018
2824,-2.607029566,52.91599018,-2.606929566,52.91609018
2825,-2.607029566,52.91589018,-2.606929566,52.91599018
2826,-2.607029566,52.91579018,-2.606929566,52.91589018
2827,-2.607029566,52.91569018,-2.606929566,52.91579018
2867,-2.606929566,52.91609018,-2.606829566,52.91619018
2868,-2.606929566,52.91599018,-2.606829566,52.91609018
2869,-2.606929566,52.91589018,-2.606829566,52.91599018
2870,-2.606929566,52.91579018,-2.606829566,52.91589018
2871,-2.606929566,52.91569018,-2.606829566,52.91579018
2911,-2.606829566,52.91609018,-2.606729566,52.91619018
2912,-2.606829566,52.91599018,-2.606729566,52.91609018
2913,-2.606829566,52.91589018,-2.606729566,52.91599018
2914,-2.606829566,52.91579018,-2.606729566,52.91589018
2915,-2.606829566,52.91569018,-2.606729566,52.91579018
2954,-2.606729566,52.91619018,-2.606629566,52.91629018
2955,-2.606729566,52.91609018,-2.606629566,52.91619018
2956,-2.606729566,52.91599018,-2.606629566,52.91609018
2957,-2.606729566,52.91589018,-2.606629566,52.91599018
2958,-2.606729566,52.91579018,-2.606629566,52.91589018
2959,-2.606729566,52.91569018,-2.606629566,52.91579018
2998,-2.606629566,52.91619018,-2.606529566,52.91629018
2999,-2.606629566,52.91609018,-2.606529566,52.91619018
3000,-2.606629566,52.91599018,-2.606529566,52.91609018
3001,-2.606629566,52.91589018,-2.606529566,52.91599018
3002,-2.606629566,52.91579018,-2.606529566,52.91589018
3003,-2.606629566,52.91569018,-2.606529566,52.91579018
3042,-2.606529566,52.91619018,-2.606429566,52.91629018
3043,-2.606529566,52.91609018,-2.606429566,52.91619018
3044,-2.606529566,52.91599018,-2.606429566,52.91609018
3045,-2.606529566,52.91589018,-2.606429566,52.91599018
3046,-2.606529566,52.91579018,-2.606429566,52.91589018
3047,-2.606529566,52.91569018,-2.606429566,52.91579018
3085,-2.606429566,52.91629018,-2.606329566,52.91639018
3086,-2.606429566,52.91619018,-2.606329566,52.91629018
3087,-2.606429566,52.91609018,-2.606329566,52.91619018
3088,-2.606429566,52.91599018,-2.606329566,52.91609018
3089,-2.606429566,52.91589018,-2.606329566,52.91599018
3090,-2.606429566,52.91579018,-2.606329566,52.91589018
3091,-2.606429566,52.91569018,-2.606329566,52.91579018
3129,-2.606329566,52.91629018,-2.606229566,52.91639018
3130,-2.606329566,52.91619018,-2.606229566,52.91629018
3131,-2.606329566,52.91609018,-2.606229566,52.91619018
3132,-2.606329566,52.91599018,-2.606229566,52.91609018
3133,-2.606329566,52.91589018,-2.606229566,52.91599018
3134,-2.606329566,52.91579018,-2.606229566,52.91589018
3135,-2.606329566,52.91569018,-2.606229566,52.91579018
3173,-2.606229566,52.91629018,-2.606129566,52.91639018
3174,-2.606229566,52.91619018,-2.606129566,52.91629018
3175,-2.606229566,52.91609018,-2.606129566,52.91619018
3176,-2.606229566,52.91599018,-2.606129566,52.91609018
3177,-2.606229566,52.91589018,-2.606129566,52.91599018
3178,-2.606229566,52.91579018,-2.606129566,52.91589018
3179,-2.606229566,52.91569018,-2.606129566,52.91579018
3216,-2.606129566,52.91639018,-2.606029566,52.91649018
3217,-2.606129566,52.91629018,-2.606029566,52.91639018
3218,-2.606129566,52.91619018,-2.606029566,52.91629018
3219,-2.606129566,52.91609018,-2.606029566,52.91619018
3220,-2.606129566,52.91599018,-2.606029566,52.91609018
3221,-2.606129566,52.91589018,-2.606029566,52.91599018
3222,-2.606129566,52.91579018,-2.606029566,52.91589018
3223,-2.606129566,52.91569018,-2.606029566,52.91579018
3260,-2.606029566,52.91639018,-2.605929566,52.91649018
3261,-2.606029566,52.91629018,-2.605929566,52.91639018
3262,-2.606029566,52.91619018,-2.605929566,52.91629018
3263,-2.606029566,52.91609018,-2.605929566,52.91619018
3264,-2.606029566,52.91599018,-2.605929566,52.91609018
3265,-2.606029566,52.91589018,-2.605929566,52.91599018
3266,-2.606029566,52.91579018,-2.605929566,52.91589018
3267,-2.606029566,52.91569018,-2.605929566,52.91579018
3304,-2.605929566,52.91639018,-2.605829566,52.91649018
3305,-2.605929566,52.91629018,-2.605829566,52.91639018
3306,-2.605929566,52.91619018,-2.605829566,52.91629018
3307,-2.605929566,52.91609018,-2.605829566,52.91619018
3308,-2.605929566,52.91599018,-2.605829566,52.91609018
3309,-2.605929566,52.91589018,-2.605829566,52.91599018
3310,-2.605929566,52.91579018,-2.605829566,52.91589018
3311,-2.605929566,52.91569018,-2.605829566,52.91579018
3347,-2.605829566,52.91649018,-2.605729566,52.91659018
3348,-2.605829566,52.91639018,-2.605729566,52.91649018
3349,-2.605829566,52.91629018,-2.605729566,52.91639018
3350,-2.605829566,52.91619018,-2.605729566,52.91629018
3351,-2.605829566,52.91609018,-2.605729566,52.91619018
3352,-2.605829566,52.91599018,-2.605729566,52.91609018
3353,-2.605829566,52.91589018,-2.605729566,52.91599018
3354,-2.605829566,52.91579018,-2.605729566,52.91589018
3355,-2.605829566,52.91569018,-2.605729566,52.91579018
3391,-2.605729566,52.91649018,-2.605629566,52.91659018
3392,-2.605729566,52.91639018,-2.605629566,52.91649018
3393,-2.605729566,52.91629018,-2.605629566,52.91639018
3394,-2.605729566,52.91619018,-2.605629566,52.91629018
3395,-2.605729566,52.91609018,-2.605629566,52.91619018
3396,-2.605729566,52.91599018,-2.605629566,52.91609018
3397,-2.605729566,52.91589018,-2.605629566,52.91599018
3398,-2.605729566,52.91579018,-2.605629566,52.91589018
3399,-2.605729566,52.91569018,-2.605629566,52.91579018
3435,-2.605629566,52.91649018,-2.605529566,52.91659018
3436,-2.605629566,52.91639018,-2.605529566,52.91649018
3437,-2.605629566,52.91629018,-2.605529566,52.91639018
3438,-2.605629566,52.91619018,-2.605529566,52.91629018
3439,-2.605629566,52.91609018,-2.605529566,52.91619018
3440,-2.605629566,52.91599018,-2.605529566,52.91609018
3441,-2.605629566,52.91589018,-2.605529566,52.91599018
3442,-2.605629566,52.91579018,-2.605529566,52.91589018
3443,-2.605629566,52.91569018,-2.605529566,52.91579018
2652,-2.607429566,52.91559018,-2.607329566,52.91569018
2696,-2.607329566,52.91559018,-2.607229566,52.91569018
2740,-2.607229566,52.91559018,-2.607129566,52.91569018
2784,-2.607129566,52.91559018,-2.607029566,52.91569018
2828,-2.607029566,52.91559018,-2.606929566,52.91569018
2872,-2.606929566,52.91559018,-2.606829566,52.91569018
2916,-2.606829566,52.91559018,-2.606729566,52.91569018
2960,-2.606729566,52.91559018,-2.606629566,52.91569018
3004,-2.606629566,52.91559018,-2.606529566,52.91569018
3048,-2.606529566,52.91559018,-2.606429566,52.91569018
3092,-2.606429566,52.91559018,-2.606329566,52.91569018
3136,-2.606329566,52.91559018,-2.606229566,52.91569018
3180,-2.606229566,52.91559018,-2.606129566,52.91569018
3224,-2.606129566,52.91559018,-2.606029566,52.91569018
3268,-2.606029566,52.91559018,-2.605929566,52.91569018
3312,-2.605929566,52.91559018,-2.605829566,52.91569018
3356,-2.605829566,52.91559018,-2.605729566,52.91569018
3400,-2.605729566,52.91559018,-2.605629566,52.91569018
3444,-2.605629566,52.91559018,-2.605529566,52.91569018
3481,-2.605529566,52.91629018,-2.605429566,52.91639018
3482,-2.605529566,52.91619018,-2.605429566,52.91629018
3483,-2.605529566,52.91609018,-2.605429566,52.91619018
3484,-2.605529566,52.91599018,-2.605429566,52.91609018
3485,-2.605529566,52.91589018,-2.605429566,52.91599018
3486,-2.605529566,52.91579018,-2.605429566,52.91589018
3487,-2.605529566,52.91569018,-2.605429566,52.91579018
3488,-2.605529566,52.91559018,-2.605429566,52.91569018
3525,-2.605429566,52.91629018,-2.605329566,52.91639018
3526,-2.605429566,52.91619018,-2.605329566,52.91629018
3527,-2.605429566,52.91609018,-2.605329566,52.91619018
3528,-2.605429566,52.91599018,-2.605329566,52.91609018
3529,-2.605429566,52.91589018,-2.605329566,52.91599018
3530,-2.605429566,52.91579018,-2.605329566,52.91589018
3531,-2.605429566,52.91569018,-2.605329566,52.91579018
3532,-2.605429566,52.91559018,-2.605329566,52.91569018
2741,-2.607229566,52.91549018,-2.607129566,52.91559018
2785,-2.607129566,52.91549018,-2.607029566,52.91559018
2829,-2.607029566,52.91549018,-2.606929566,52.91559018
2873,-2.606929566,52.91549018,-2.606829566,52.91559018
2917,-2.606829566,52.91549018,-2.606729566,52.91559018
2961,-2.606729566,52.91549018,-2.606629566,52.91559018
3005,-2.606629566,52.91549018,-2.606529566,52.91559018
3049,-2.606529566,52.91549018,-2.606429566,52.91559018
3093,-2.606429566,52.91549018,-2.606329566,52.91559018
3137,-2.606329566,52.91549018,-2.606229566,52.91559018
3181,-2.606229566,52.91549018,-2.606129566,52.91559018
3225,-2.606129566,52.91549018,-2.606029566,52.91559018
3269,-2.606029566,52.91549018,-2.605929566,52.91559018
3313,-2.605929566,52.91549018,-2.605829566,52.91559018
3357,-2.605829566,52.91549018,-2.605729566,52.91559018
3401,-2.605729566,52.91549018,-2.605629566,52.91559018
3445,-2.605629566,52.91549018,-2.605529566,52.91559018
3489,-2.605529566,52.91549018,-2.605429566,52.91559018
3533,-2.605429566,52.91549018,-2.605329566,52.91559018
3571,-2.605329566,52.91609018,-2.605229566,52.91619018
3572,-2.605329566,52.91599018,-2.605229566,52.91609018
3573,-2.605329566,52.91589018,-2.605229566,52.91599018
3574,-2.605329566,52.91579018,-2.605229566,52.91589018
3575,-2.605329566,52.91569018,-2.605229566,52.91579018
3576,-2.605329566,52.91559018,-2.605229566,52.91569018
3577,-2.605329566,52.91549018,-2.605229566,52.91559018
3615,-2.605229566,52.91609018,-2.605129566,52.91619018
3616,-2.605229566,52.91599018,-2.605129566,52.91609018
3617,-2.605229566,52.91589018,-2.605129566,52.91599018
3618,-2.605229566,52.91579018,-2.605129566,52.91589018
3619,-2.605229566,52.91569018,-2.605129566,52.91579018
3620,-2.605229566,52.91559018,-2.605129566,52.91569018
3621,-2.605229566,52.91549018,-2.605129566,52.91559018
2564,-2.607629566,52.91559018,-2.607529566,52.91569018
2565,-2.607629566,52.91549018,-2.607529566,52.91559018
2566,-2.607629566,52.91539018,-2.607529566,52.91549018
2567,-2.607629566,52.91529018,-2.607529566,52.91539018
2568,-2.607629566,52.91519018,-2.607529566,52.91529018
2569,-2.607629566,52.91509018,-2.607529566,52.91519018
2570,-2.607629566,52.91499018,-2.607529566,52.91509018
2571,-2.607629566,52.91489018,-2.607529566,52.91499018
2608,-2.607529566,52.91559018,-2.607429566,52.91569018
2609,-2.607529566,52.91549018,-2.607429566,52.91559018
2610,-2.607529566,52.91539018,-2.607429566,52.91549018
2611,-2.607529566,52.91529018,-2.607429566,52.91539018
2612,-2.607529566,52.91519018,-2.607429566,52.91529018
2613,-2.607529566,52.91509018,-2.607429566,52.91519018
2614,-2.607529566,52.91499018,-2.607429566,52.91509018
2615,-2.607529566,52.91489018,-2.607429566,52.91499018
2653,-2.607429566,52.91549018,-2.607329566,52.91559018
2654,-2.607429566,52.91539018,-2.607329566,52.91549018
2655,-2.607429566,52.91529018,-2.607329566,52.91539018
2656,-2.607429566,52.91519018,-2.607329566,52.91529018
2657,-2.607429566,52.91509018,-2.607329566,52.91519018
2658,-2.607429566,52.91499018,-2.607329566,52.91509018
2659,-2.607429566,52.91489018,-2.607329566,52.91499018
2697,-2.607329566,52.91549018,-2.607229566,52.91559018
2698,-2.607329566,52.91539018,-2.607229566,52.91549018
2699,-2.607329566,52.91529018,-2.607229566,52.91539018
2700,-2.607329566,52.91519018,-2.607229566,52.91529018
2701,-2.607329566,52.91509018,-2.607229566,52.91519018
2702,-2.607329566,52.91499018,-2.607229566,52.91509018
2703,-2.607329566,52.91489018,-2.607229566,52.91499018
2742,-2.607229566,52.91539018,-2.607129566,52.91549018
2743,-2.607229566,52.91529018,-2.607129566,52.91539018
2744,-2.607229566,52.91519018,-2.607129566,52.91529018
2745,-2.607229566,52.91509018,-2.607129566,52.91519018
2746,-2.607229566,52.91499018,-2.607129566,52.91509018
2747,-2.607229566,52.91489018,-2.607129566,52.91499018
2786,-2.607129566,52.91539018,-2.607029566,52.91549018
2787,-2.607129566,52.91529018,-2.607029566,52.91539018
2788,-2.607129566,52.91519018,-2.607029566,52.91529018
2789,-2.607129566,52.91509018,-2.607029566,52.91519018
2790,-2.607129566,52.91499018,-2.607029566,52.91509018
2791,-2.607129566,52.91489018,-2.607029566,52.91499018
2830,-2.607029566,52.91539018,-2.606929566,52.91549018
2831,-2.607029566,52.91529018,-2.606929566,52.91539018
2832,-2.607029566,52.91519018,-2.606929566,52.91529018
2833,-2.607029566,52.91509018,-2.606929566,52.91519018
2834,-2.607029566,52.91499018,-2.606929566,52.91509018
2835,-2.607029566,52.91489018,-2.606929566,52.91499018
2874,-2.606929566,52.91539018,-2.606829566,52.91549018
2875,-2.606929566,52.91529018,-2.606829566,52.91539018
2876,-2.606929566,52.91519018,-2.606829566,52.91529018
2877,-2.606929566,52.91509018,-2.606829566,52.91519018
2878,-2.606929566,52.91499018,-2.606829566,52.91509018
2879,-2.606929566,52.91489018,-2.606829566,52.91499018
2918,-2.606829566,52.91539018,-2.606729566,52.91549018
2919,-2.606829566,52.91529018,-2.606729566,52.91539018
2920,-2.606829566,52.91519018,-2.606729566,52.91529018
2921,-2.606829566,52.91509018,-2.606729566,52.91519018
2922,-2.606829566,52.91499018,-2.606729566,52.91509018
2923,-2.606829566,52.91489018,-2.606729566,52.91499018
2962,-2.606729566,52.91539018,-2.606629566,52.91549018
2963,-2.606729566,52.91529018,-2.606629566,52.91539018
2964,-2.606729566,52.91519018,-2.606629566,52.91529018
2965,-2.606729566,52.91509018,-2.606629566,52.91519018
2966,-2.606729566,52.91499018,-2.606629566,52.91509018
2967,-2.606729566,52.91489018,-2.606629566,52.91499018
3006,-2.606629566,52.91539018,-2.606529566,52.91549018
3007,-2.606629566,52.91529018,-2.606529566,52.91539018
3008,-2.606629566,52.91519018,-2.606529566,52.91529018
3009,-2.606629566,52.91509018,-2.606529566,52.91519018
3010,-2.606629566,52.91499018,-2.606529566,52.91509018
3011,-2.606629566,52.91489018,-2.606529566,52.91499018
3050,-2.606529566,52.91539018,-2.606429566,52.91549018
3051,-2.606529566,52.91529018,-2.606429566,52.91539018
3052,-2.606529566,52.91519018,-2.606429566,52.91529018
3053,-2.606529566,52.91509018,-2.606429566,52.91519018
3054,-2.606529566,52.91499018,-2.606429566,52.91509018
3055,-2.606529566,52.91489018,-2.606429566,52.91499018
3094,-2.606429566,52.91539018,-2.606329566,52.91549018
3095,-2.606429566,52.91529018,-2.606329566,52.91539018
3096,-2.606429566,52.91519018,-2.606329566,52.91529018
3097,-2.606429566,52.91509018,-2.606329566,52.91519018
3098,-2.606429566,52.91499018,-2.606329566,52.91509018
3099,-2.606429566,52.91489018,-2.606329566,52.91499018
3138,-2.606329566,52.91539018,-2.606229566,52.91549018
3139,-2.606329566,52.91529018,-2.606229566,52.91539018
3140,-2.606329566,52.91519018,-2.606229566,52.91529018
3141,-2.606329566,52.91509018,-2.606229566,52.91519018
3142,-2.606329566,52.91499018,-2.606229566,52.91509018
3182,-2.606229566,52.91539018,-2.606129566,52.91549018
3183,-2.606229566,52.91529018,-2.606129566,52.91539018
3184,-2.606229566,52.91519018,-2.606129566,52.91529018
3185,-2.606229566,52.91509018,-2.606129566,52.91519018
3186,-2.606229566,52.91499018,-2.606129566,52.91509018
3226,-2.606129566,52.91539018,-2.606029566,52.91549018
3227,-2.606129566,52.91529018,-2.606029566,52.91539018
3228,-2.606129566,52.91519018,-2.606029566,52.91529018
3229,-2.606129566,52.91509018,-2.606029566,52.91519018
3230,-2.606129566,52.91499018,-2.606029566,52.91509018
3270,-2.606029566,52.91539018,-2.605929566,52.91549018
3271,-2.606029566,52.91529018,-2.605929566,52.91539018
3272,-2.606029566,52.91519018,-2.605929566,52.91529018
3273,-2.606029566,52.91509018,-2.605929566,52.91519018
3314,-2.605929566,52.91539018,-2.605829566,52.91549018
3315,-2.605929566,52.91529018,-2.605829566,52.91539018
3316,-2.605929566,52.91519018,-2.605829566,52.91529018
3317,-2.605929566,52.91509018,-2.605829566,52.91519018
3358,-2.605829566,52.91539018,-2.605729566,52.91549018
3359,-2.605829566,52.91529018,-2.605729566,52.91539018
3360,-2.605829566,52.91519018,-2.605729566,52.91529018
3361,-2.605829566,52.91509018,-2.605729566,52.91519018
3402,-2.605729566,52.91539018,-2.605629566,52.91549018
3403,-2.605729566,52.91529018,-2.605629566,52.91539018
3404,-2.605729566,52.91519018,-2.605629566,52.91529018
3446,-2.605629566,52.91539018,-2.605529566,52.91549018
3447,-2.605629566,52.91529018,-2.605529566,52.91539018
3448,-2.605629566,52.91519018,-2.605529566,52.91529018
3490,-2.605529566,52.91539018,-2.605429566,52.91549018
3491,-2.605529566,52.91529018,-2.605429566,52.91539018
3492,-2.605529566,52.91519018,-2.605429566,52.91529018
3534,-2.605429566,52.91539018,-2.605329566,52.91549018
3535,-2.605429566,52.91529018,-2.605329566,52.91539018
3536,-2.605429566,52.91519018,-2.605329566,52.91529018
3578,-2.605329566,52.91539018,-2.605229566,52.91549018
3579,-2.605329566,52.91529018,-2.605229566,52.91539018
3622,-2.605229566,52.91539018,-2.605129566,52.91549018
3623,-2.605229566,52.91529018,-2.605129566,52.91539018
3662,-2.605129566,52.91579018,-2.605029566,52.91589018
3663,-2.605129566,52.91569018,-2.605029566,52.91579018
3664,-2.605129566,52.91559018,-2.605029566,52.91569018
3665,-2.605129566,52.91549018,-2.605029566,52.91559018
3666,-2.605129566,52.91539018,-2.605029566,52.91549018
3667,-2.605129566,52.91529018,-2.605029566,52.91539018
3706,-2.605029566,52.91579018,-2.604929566,52.91589018
3707,-2.605029566,52.91569018,-2.604929566,52.91579018
3708,-2.605029566,52.91559018,-2.604929566,52.91569018
3709,-2.605029566,52.91549018,-2.604929566,52.91559018
3710,-2.605029566,52.91539018,-2.604929566,52.91549018
3750,-2.604929566,52.91579018,-2.604829566,52.91589018
3751,-2.604929566,52.91569018,-2.604829566,52.91579018
3752,-2.604929566,52.91559018,-2.604829566,52.91569018
3753,-2.604929566,52.91549018,-2.604829566,52.91559018
3754,-2.604929566,52.91539018,-2.604829566,52.91549018
2476,-2.607829566,52.91559018,-2.607729566,52.91569018
2477,-2.607829566,52.91549018,-2.607729566,52.91559018
2478,-2.607829566,52.91539018,-2.607729566,52.91549018
2479,-2.607829566,52.91529018,-2.607729566,52.91539018
2480,-2.607829566,52.91519018,-2.607729566,52.91529018
2481,-2.607829566,52.91509018,-2.607729566,52.91519018
2482,-2.607829566,52.91499018,-2.607729566,52.91509018
2520,-2.607729566,52.91559018,-2.607629566,52.91569018
2521,-2.607729566,52.91549018,-2.607629566,52.91559018
2522,-2.607729566,52.91539018,-2.607629566,52.91549018
2523,-2.607729566,52.91529018,-2.607629566,52.91539018
2524,-2.607729566,52.91519018,-2.607629566,52.91529018
2525,-2.607729566,52.91509018,-2.607629566,52.91519018
2526,-2.607729566,52.91499018,-2.607629566,52.91509018
3660,-2.605129566,52.91599018,-2.605029566,52.91609018
3661,-2.605129566,52.91589018,-2.605029566,52.91599018
2660,-2.607429566,52.91479018,-2.607329566,52.91489018
2661,-2.607429566,52.91469018,-2.607329566,52.91479018
2704,-2.607329566,52.91479018,-2.607229566,52.91489018
2705,-2.607329566,52.91469018,-2.607229566,52.91479018
2748,-2.607229566,52.91479018,-2.607129566,52.91489018
2749,-2.607229566,52.91469018,-2.607129566,52.91479018
2792,-2.607129566,52.91479018,-2.607029566,52.91489018
2793,-2.607129566,52.91469018,-2.607029566,52.91479018
2836,-2.607029566,52.91479018,-2.606929566,52.91489018
2880,-2.606929566,52.91479018,-2.606829566,52.91489018
2924,-2.606829566,52.91479018,-2.606729566,52.91489018
3796,-2.604829566,52.91559018,-2.604729566,52.91569018
3797,-2.604829566,52.91549018,-2.604729566,52.91559018
3798,-2.604829566,52.91539018,-2.604729566,52.91549018
3840,-2.604729566,52.91559018,-2.604629566,52.91569018
3841,-2.604729566,52.91549018,-2.604629566,52.91559018
602,-2.612129566,52.91379018,-2.612029566,52.91389018
603,-2.612129566,52.91369018,-2.612029566,52.91379018
604,-2.612129566,52.91359018,-2.612029566,52.91369018
605,-2.612129566,52.91349018,-2.612029566,52.91359018
606,-2.612129566,52.91339018,-2.612029566,52.91349018
607,-2.612129566,52.91329018,-2.612029566,52.91339018
608,-2.612129566,52.91319018,-2.612029566,52.91329018
609,-2.612129566,52.91309018,-2.612029566,52.91319018
610,-2.612129566,52.91299018,-2.612029566,52.91309018
611,-2.612129566,52.91289018,-2.612029566,52.91299018
612,-2.612129566,52.91279018,-2.612029566,52.91289018
613,-2.612129566,52.91269018,-2.612029566,52.91279018
645,-2.612029566,52.91389018,-2.611929566,52.91399018
646,-2.612029566,52.91379018,-2.611929566,52.91389018
647,-2.612029566,52.91369018,-2.611929566,52.91379018
648,-2.612029566,52.91359018,-2.611929566,52.91369018
649,-2.612029566,52.91349018,-2.611929566,52.91359018
650,-2.612029566,52.91339018,-2.611929566,52.91349018
651,-2.612029566,52.91329018,-2.611929566,52.91339018
652,-2.612029566,52.91319018,-2.611929566,52.91329018
653,-2.612029566,52.91309018,-2.611929566,52.91319018
654,-2.612029566,52.91299018,-2.611929566,52.91309018
655,-2.612029566,52.91289018,-2.611929566,52.91299018
656,-2.612029566,52.91279018,-2.611929566,52.91289018
657,-2.612029566,52.91269018,-2.611929566,52.91279018
688,-2.611929566,52.91399018,-2.611829566,52.91409018
689,-2.611929566,52.91389018,-2.611829566,52.91399018
690,-2.611929566,52.91379018,-2.611829566,52.91389018
691,-2.611929566,52.91369018,-2.611829566,52.91379018
692,-2.611929566,52.91359018,-2.611829566,52.91369018
693,-2.611929566,52.91349018,-2.611829566,52.91359018
694,-2.611929566,52.91339018,-2.611829566,52.91349018
695,-2.611929566,52.91329018,-2.611829566,52.91339018
696,-2.611929566,52.91319018,-2.611829566,52.91329018
697,-2.611929566,52.91309018,-2.611829566,52.91319018
698,-2.611929566,52.91299018,-2.611829566,52.91309018
699,-2.611929566,52.91289018,-2.611829566,52.91299018
700,-2.611929566,52.91279018,-2.611829566,52.91289018
701,-2.611929566,52.91269018,-2.611829566,52.91279018
731,-2.611829566,52.91409018,-2.611729566,52.91419018
732,-2.611829566,52.91399018,-2.611729566,52.91409018
733,-2.611829566,52.91389018,-2.611729566,52.91399018
734,-2.611829566,52.91379018,-2.611729566,52.91389018
735,-2.611829566,52.91369018,-2.611729566,52.91379018
736,-2.611829566,52.91359018,-2.611729566,52.91369018
737,-2.611829566,52.91349018,-2.611729566,52.91359018
738,-2.611829566,52.91339018,-2.611729566,52.91349018
739,-2.611829566,52.91329018,-2.611729566,52.91339018
740,-2.611829566,52.91319018,-2.611729566,52.91329018
741,-2.611829566,52.91309018,-2.611729566,52.91319018
742,-2.611829566,52.91299018,-2.611729566,52.91309018
743,-2.611829566,52.91289018,-2.611729566,52.91299018
744,-2.611829566,52.91279018,-2.611729566,52.91289018
745,-2.611829566,52.91269018,-2.611729566,52.91279018
775,-2.611729566,52.91409018,-2.611629566,52.91419018
776,-2.611729566,52.91399018,-2.611629566,52.91409018
777,-2.611729566,52.91389018,-2.611629566,52.91399018
778,-2.611729566,52.91379018,-2.611629566,52.91389018
779,-2.611729566,52.91369018,-2.611629566,52.91379018
780,-2.611729566,52.91359018,-2.611629566,52.91369018
781,-2.611729566,52.91349018,-2.611629566,52.91359018
782,-2.611729566,52.91339018,-2.611629566,52.91349018
783,-2.611729566,52.91329018,-2.611629566,52.91339018
784,-2.611729566,52.91319018,-2.611629566,52.91329018
785,-2.611729566,52.91309018,-2.611629566,52.91319018
786,-2.611729566,52.91299018,-2.611629566,52.91309018
787,-2.611729566,52.91289018,-2.611629566,52.91299018
788,-2.611729566,52.91279018,-2.611629566,52.91289018
789,-2.611729566,52.91269018,-2.611629566,52.91279018
818,-2.611629566,52.91419018,-2.611529566,52.91429018
819,-2.611629566,52.91409018,-2.611529566,52.91419018
820,-2.611629566,52.91399018,-2.611529566,52.91409018
821,-2.611629566,52.91389018,-2.611529566,52.91399018
822,-2.611629566,52.91379018,-2.611529566,52.91389018
823,-2.611629566,52.91369018,-2.611529566,52.91379018
824,-2.611629566,52.91359018,-2.611529566,52.91369018
825,-2.611629566,52.91349018,-2.611529566,52.91359018
826,-2.611629566,52.91339018,-2.611529566,52.91349018
827,-2.611629566,52.91329018,-2.611529566,52.91339018
828,-2.611629566,52.91319018,-2.611529566,52.91329018
829,-2.611629566,52.91309018,-2.611529566,52.91319018
830,-2.611629566,52.91299018,-2.611529566,52.91309018
831,-2.611629566,52.91289018,-2.611529566,52.91299018
832,-2.611629566,52.91279018,-2.611529566,52.91289018
833,-2.611629566,52.91269018,-2.611529566,52.91279018
862,-2.611529566,52.91419018,-2.611429566,52.91429018
863,-2.611529566,52.91409018,-2.611429566,52.91419018
864,-2.611529566,52.91399018,-2.611429566,52.91409018
865,-2.611529566,52.91389018,-2.611429566,52.91399018
866,-2.611529566,52.91379018,-2.611429566,52.91389018
867,-2.611529566,52.91369018,-2.611429566,52.91379018
868,-2.611529566,52.91359018,-2.611429566,52.91369018
869,-2.611529566,52.91349018,-2.611429566,52.91359018
870,-2.611529566,52.91339018,-2.611429566,52.91349018
871,-2.611529566,52.91329018,-2.611429566,52.91339018
872,-2.611529566,52.91319018,-2.611429566,52.91329018
873,-2.611529566,52.91309018,-2.611429566,52.91319018
874,-2.611529566,52.91299018,-2.611429566,52.91309018
875,-2.611529566,52.91289018,-2.611429566,52.91299018
876,-2.611529566,52.91279018,-2.611429566,52.91289018
877,-2.611529566,52.91269018,-2.611429566,52.91279018
905,-2.611429566,52.91429018,-2.611329566,52.91439018
906,-2.611429566,52.91419018,-2.611329566,52.91429018
907,-2.611429566,52.91409018,-2.611329566,52.91419018
908,-2.611429566,52.91399018,-2.611329566,52.91409018
909,-2.611429566,52.91389018,-2.611329566,52.91399018
910,-2.611429566,52.91379018,-2.611329566,52.91389018
911,-2.611429566,52.91369018,-2.611329566,52.91379018
912,-2.611429566,52.91359018,-2.611329566,52.91369018
913,-2.611429566,52.91349018,-2.611329566,52.91359018
914,-2.611429566,52.91339018,-2.611329566,52.91349018
915,-2.611429566,52.91329018,-2.611329566,52.91339018
916,-2.611429566,52.91319018,-2.611329566,52.91329018
917,-2.611429566,52.91309018,-2.611329566,52.91319018
918,-2.611429566,52.91299018,-2.611329566,52.91309018
919,-2.611429566,52.91289018,-2.611329566,52.91299018
920,-2.611429566,52.91279018,-2.611329566,52.91289018
921,-2.611429566,52.91269018,-2.611329566,52.91279018
949,-2.611329566,52.91429018,-2.611229566,52.91439018
950,-2.611329566,52.91419018,-2.611229566,52.91429018
951,-2.611329566,52.91409018,-2.611229566,52.91419018
952,-2.611329566,52.91399018,-2.611229566,52.91409018
953,-2.611329566,52.91389018,-2.611229566,52.91399018
954,-2.611329566,52.91379018,-2.611229566,52.91389018
955,-2.611329566,52.91369018,-2.611229566,52.91379018
956,-2.611329566,52.91359018,-2.611229566,52.91369018
957,-2.611329566,52.91349018,-2.611229566,52.91359018
958,-2.611329566,52.91339018,-2.611229566,52.91349018
959,-2.611329566,52.91329018,-2.611229566,52.91339018
960,-2.611329566,52.91319018,-2.611229566,52.91329018
961,-2.611329566,52.91309018,-2.611229566,52.91319018
962,-2.611329566,52.91299018,-2.611229566,52.91309018
963,-2.611329566,52.91289018,-2.611229566,52.91299018
964,-2.611329566,52.91279018,-2.611229566,52.91289018
992,-2.611229566,52.91439018,-2.611129566,52.91449018
993,-2.611229566,52.91429018,-2.611129566,52.91439018
994,-2.611229566,52.91419018,-2.611129566,52.91429018
995,-2.611229566,52.91409018,-2.611129566,52.91419018
996,-2.611229566,52.91399018,-2.611129566,52.91409018
997,-2.611229566,52.91389018,-2.611129566,52.91399018
998,-2.611229566,52.91379018,-2.611129566,52.91389018
999,-2.611229566,52.91369018,-2.611129566,52.91379018
1000,-2.611229566,52.91359018,-2.611129566,52.91369018
1001,-2.611229566,52.91349018,-2.611129566,52.91359018
1002,-2.611229566,52.91339018,-2.611129566,52.91349018
1003,-2.611229566,52.91329018,-2.611129566,52.91339018
1004,-2.611229566,52.91319018,-2.611129566,52.91329018
1005,-2.611229566,52.91309018,-2.611129566,52.91319018
1006,-2.611229566,52.91299018,-2.611129566,52.91309018
1007,-2.611229566,52.91289018,-2.611129566,52.91299018
1036,-2.611129566,52.91439018,-2.611029566,52.91449018
1037,-2.611129566,52.91429018,-2.611029566,52.91439018
1038,-2.611129566,52.91419018,-2.611029566,52.91429018
1039,-2.611129566,52.91409018,-2.611029566,52.91419018
1040,-2.611129566,52.91399018,-2.611029566,52.91409018
1041,-2.611129566,52.91389018,-2.611029566,52.91399018
1042,-2.611129566,52.91379018,-2.611029566,52.91389018
1043,-2.611129566,52.91369018,-2.611029566,52.91379018
1044,-2.611129566,52.91359018,-2.611029566,52.91369018
1045,-2.611129566,52.91349018,-2.611029566,52.91359018
1046,-2.611129566,52.91339018,-2.611029566,52.91349018
1047,-2.611129566,52.91329018,-2.611029566,52.91339018
1048,-2.611129566,52.91319018,-2.611029566,52.91329018
1049,-2.611129566,52.91309018,-2.611029566,52.91319018
1050,-2.611129566,52.91299018,-2.611029566,52.91309018
1051,-2.611129566,52.91289018,-2.611029566,52.91299018
1079,-2.611029566,52.91449018,-2.610929566,52.91459018
1080,-2.611029566,52.91439018,-2.610929566,52.91449018
1081,-2.611029566,52.91429018,-2.610929566,52.91439018
1082,-2.611029566,52.91419018,-2.610929566,52.91429018
1083,-2.611029566,52.91409018,-2.610929566,52.91419018
1084,-2.611029566,52.91399018,-2.610929566,52.91409018
1085,-2.611029566,52.91389018,-2.610929566,52.91399018
1086,-2.611029566,52.91379018,-2.610929566,52.91389018
1087,-2.611029566,52.91369018,-2.610929566,52.91379018
1088,-2.611029566,52.91359018,-2.610929566,52.91369018
1089,-2.611029566,52.91349018,-2.610929566,52.91359018
1090,-2.611029566,52.91339018,-2.610929566,52.91349018
1091,-2.611029566,52.91329018,-2.610929566,52.91339018
1092,-2.611029566,52.91319018,-2.610929566,52.91329018
1093,-2.611029566,52.91309018,-2.610929566,52.91319018
1094,-2.611029566,52.91299018,-2.610929566,52.91309018
1123,-2.610929566,52.91449018,-2.610829566,52.91459018
1124,-2.610929566,52.91439018,-2.610829566,52.91449018
1125,-2.610929566,52.91429018,-2.610829566,52.91439018
1126,-2.610929566,52.91419018,-2.610829566,52.91429018
1127,-2.610929566,52.91409018,-2.610829566,52.91419018
1128,-2.610929566,52.91399018,-2.610829566,52.91409018
1129,-2.610929566,52.91389018,-2.610829566,52.91399018
1130,-2.610929566,52.91379018,-2.610829566,52.91389018
1131,-2.610929566,52.91369018,-2.610829566,52.91379018
1132,-2.610929566,52.91359018,-2.610829566,52.91369018
1133,-2.610929566,52.91349018,-2.610829566,52.91359018
1134,-2.610929566,52.91339018,-2.610829566,52.91349018
1135,-2.610929566,52.91329018,-2.610829566,52.91339018
1136,-2.610929566,52.91319018,-2.610829566,52.91329018
1137,-2.610929566,52.91309018,-2.610829566,52.91319018
1138,-2.610929566,52.91299018,-2.610829566,52.91309018
1166,-2.610829566,52.91459018,-2.610729566,52.91469018
1167,-2.610829566,52.91449018,-2.610729566,52.91459018
1168,-2.610829566,52.91439018,-2.610729566,52.91449018
1169,-2.610829566,52.91429018,-2.610729566,52.91439018
1170,-2.610829566,52.91419018,-2.610729566,52.91429018
1171,-2.610829566,52.91409018,-2.610729566,52.91419018
1172,-2.610829566,52.91399018,-2.610729566,52.91409018
1173,-2.610829566,52.91389018,-2.610729566,52.91399018
1174,-2.610829566,52.91379018,-2.610729566,52.91389018
1175,-2.610829566,52.91369018,-2.610729566,52.91379018
1176,-2.610829566,52.91359018,-2.610729566,52.91369018
1177,-2.610829566,52.91349018,-2.610729566,52.91359018
1178,-2.610829566,52.91339018,-2.610729566,52.91349018
1179,-2.610829566,52.91329018,-2.610729566,52.91339018
1180,-2.610829566,52.91319018,-2.610729566,52.91329018
1181,-2.610829566,52.91309018,-2.610729566,52.91319018
1209,-2.610729566,52.91469018,-2.610629566,52.91479018
1210,-2.610729566,52.91459018,-2.610629566,52.91469018
1211,-2.610729566,52.91449018,-2.610629566,52.91459018
1212,-2.610729566,52.91439018,-2.610629566,52.91449018
1213,-2.610729566,52.91429018,-2.610629566,52.91439018
1214,-2.610729566,52.91419018,-2.610629566,52.91429018
1215,-2.610729566,52.91409018,-2.610629566,52.91419018
1216,-2.610729566,52.91399018,-2.610629566,52.91409018
1217,-2.610729566,52.91389018,-2.610629566,52.91399018
1218,-2.610729566,52.91379018,-2.610629566,52.91389018
1219,-2.610729566,52.91369018,-2.610629566,52.91379018
1220,-2.610729566,52.91359018,-2.610629566,52.91369018
1221,-2.610729566,52.91349018,-2.610629566,52.91359018
1222,-2.610729566,52.91339018,-2.610629566,52.91349018
1223,-2.610729566,52.91329018,-2.610629566,52.91339018
1224,-2.610729566,52.91319018,-2.610629566,52.91329018
1225,-2.610729566,52.91309018,-2.610629566,52.91319018
1253,-2.610629566,52.91469018,-2.610529566,52.91479018
1254,-2.610629566,52.91459018,-2.610529566,52.91469018
1255,-2.610629566,52.91449018,-2.610529566,52.91459018
1256,-2.610629566,52.91439018,-2.610529566,52.91449018
1257,-2.610629566,52.91429018,-2.610529566,52.91439018
1258,-2.610629566,52.91419018,-2.610529566,52.91429018
1259,-2.610629566,52.91409018,-2.610529566,52.91419018
1260,-2.610629566,52.91399018,-2.610529566,52.91409018
1261,-2.610629566,52.91389018,-2.610529566,52.91399018
1262,-2.610629566,52.91379018,-2.610529566,52.91389018
1263,-2.610629566,52.91369018,-2.610529566,52.91379018
1264,-2.610629566,52.91359018,-2.610529566,52.91369018
1265,-2.610629566,52.91349018,-2.610529566,52.91359018
1266,-2.610629566,52.91339018,-2.610529566,52.91349018
1267,-2.610629566,52.91329018,-2.610529566,52.91339018
1268,-2.610629566,52.91319018,-2.610529566,52.91329018
1298,-2.610529566,52.91459018,-2.610429566,52.91469018
1299,-2.610529566,52.91449018,-2.610429566,52.91459018
1300,-2.610529566,52.91439018,-2.610429566,52.91449018
1301,-2.610529566,52.91429018,-2.610429566,52.91439018
1302,-2.610529566,52.91419018,-2.610429566,52.91429018
1303,-2.610529566,52.91409018,-2.610429566,52.91419018
1304,-2.610529566,52.91399018,-2.610429566,52.91409018
1305,-2.610529566,52.91389018,-2.610429566,52.91399018
1306,-2.610529566,52.91379018,-2.610429566,52.91389018
1307,-2.610529566,52.91369018,-2.610429566,52.91379018
1308,-2.610529566,52.91359018,-2.610429566,52.91369018
1309,-2.610529566,52.91349018,-2.610429566,52.91359018
1310,-2.610529566,52.91339018,-2.610429566,52.91349018
1311,-2.610529566,52.91329018,-2.610429566,52.91339018
1342,-2.610429566,52.91459018,-2.610329566,52.91469018
1343,-2.610429566,52.91449018,-2.610329566,52.91459018
1344,-2.610429566,52.91439018,-2.610329566,52.91449018
1345,-2.610429566,52.91429018,-2.610329566,52.91439018
1346,-2.610429566,52.91419018,-2.610329566,52.91429018
1347,-2.610429566,52.91409018,-2.610329566,52.91419018
1348,-2.610429566,52.91399018,-2.610329566,52.91409018
1349,-2.610429566,52.91389018,-2.610329566,52.91399018
1350,-2.610429566,52.91379018,-2.610329566,52.91389018
1351,-2.610429566,52.91369018,-2.610329566,52.91379018
1352,-2.610429566,52.91359018,-2.610329566,52.91369018
1353,-2.610429566,52.91349018,-2.610329566,52.91359018
1354,-2.610429566,52.91339018,-2.610329566,52.91349018
1355,-2.610429566,52.91329018,-2.610329566,52.91339018
1386,-2.610329566,52.91459018,-2.610229566,52.91469018
1387,-2.610329566,52.91449018,-2.610229566,52.91459018
1388,-2.610329566,52.91439018,-2.610229566,52.91449018
1389,-2.610329566,52.91429018,-2.610229566,52.91439018
1390,-2.610329566,52.91419018,-2.610229566,52.91429018
1391,-2.610329566,52.91409018,-2.610229566,52.91419018
1392,-2.610329566,52.91399018,-2.610229566,52.91409018
1393,-2.610329566,52.91389018,-2.610229566,52.91399018
1394,-2.610329566,52.91379018,-2.610229566,52.91389018
1395,-2.610329566,52.91369018,-2.610229566,52.91379018
1396,-2.610329566,52.91359018,-2.610229566,52.91369018
1397,-2.610329566,52.91349018,-2.610229566,52.91359018
1398,-2.610329566,52.91339018,-2.610229566,52.91349018
1429,-2.610229566,52.91469018,-2.610129566,52.91479018
1430,-2.610229566,52.91459018,-2.610129566,52.91469018
1431,-2.610229566,52.91449018,-2.610129566,52.91459018
1432,-2.610229566,52.91439018,-2.610129566,52.91449018
1433,-2.610229566,52.91429018,-2.610129566,52.91439018
1434,-2.610229566,52.91419018,-2.610129566,52.91429018
1435,-2.610229566,52.91409018,-2.610129566,52.91419018
1436,-2.610229566,52.91399018,-2.610129566,52.91409018
1437,-2.610229566,52.91389018,-2.610129566,52.91399018
1438,-2.610229566,52.91379018,-2.610129566,52.91389018
1439,-2.610229566,52.91369018,-2.610129566,52.91379018
1440,-2.610229566,52.91359018,-2.610129566,52.91369018
1441,-2.610229566,52.91349018,-2.610129566,52.91359018
1442,-2.610229566,52.91339018,-2.610129566,52.91349018
1473,-2.610129566,52.91469018,-2.610029566,52.91479018
1474,-2.610129566,52.91459018,-2.610029566,52.91469018
1475,-2.610129566,52.91449018,-2.610029566,52.91459018
1476,-2.610129566,52.91439018,-2.610029566,52.91449018
1477,-2.610129566,52.91429018,-2.610029566,52.91439018
1478,-2.610129566,52.91419018,-2.610029566,52.91429018
1479,-2.610129566,52.91409018,-2.610029566,52.91419018
1480,-2.610129566,52.91399018,-2.610029566,52.91409018
1481,-2.610129566,52.91389018,-2.610029566,52.91399018
1482,-2.610129566,52.91379018,-2.610029566,52.91389018
1483,-2.610129566,52.91369018,-2.610029566,52.91379018
1484,-2.610129566,52.91359018,-2.610029566,52.91369018
1485,-2.610129566,52.91349018,-2.610029566,52.91359018
1517,-2.610029566,52.91469018,-2.609929566,52.91479018
1518,-2.610029566,52.91459018,-2.609929566,52.91469018
1519,-2.610029566,52.91449018,-2.609929566,52.91459018
1520,-2.610029566,52.91439018,-2.609929566,52.91449018
1521,-2.610029566,52.91429018,-2.609929566,52.91439018
1522,-2.610029566,52.91419018,-2.609929566,52.91429018
1523,-2.610029566,52.91409018,-2.609929566,52.91419018
1524,-2.610029566,52.91399018,-2.609929566,52.91409018
1525,-2.610029566,52.91389018,-2.609929566,52.91399018
1526,-2.610029566,52.91379018,-2.609929566,52.91389018
1527,-2.610029566,52.91369018,-2.609929566,52.91379018
1528,-2.610029566,52.91359018,-2.609929566,52.91369018
1529,-2.610029566,52.91349018,-2.609929566,52.91359018
1561,-2.609929566,52.91469018,-2.609829566,52.91479018
1562,-2.609929566,52.91459018,-2.609829566,52.91469018
1563,-2.609929566,52.91449018,-2.609829566,52.91459018
1564,-2.609929566,52.91439018,-2.609829566,52.91449018
1565,-2.609929566,52.91429018,-2.609829566,52.91439018
1566,-2.609929566,52.91419018,-2.609829566,52.91429018
1567,-2.609929566,52.91409018,-2.609829566,52.91419018
1568,-2.609929566,52.91399018,-2.609829566,52.91409018
1569,-2.609929566,52.91389018,-2.609829566,52.91399018
1570,-2.609929566,52.91379018,-2.609829566,52.91389018
1571,-2.609929566,52.91369018,-2.609829566,52.91379018
1572,-2.609929566,52.91359018,-2.609829566,52.91369018
1605,-2.609829566,52.91469018,-2.609729566,52.91479018
1606,-2.609829566,52.91459018,-2.609729566,52.91469018
1607,-2.609829566,52.91449018,-2.609729566,52.91459018
1608,-2.609829566,52.91439018,-2.609729566,52.91449018
1609,-2.609829566,52.91429018,-2.609729566,52.91439018
1610,-2.609829566,52.91419018,-2.609729566,52.91429018
1611,-2.609829566,52.91409018,-2.609729566,52.91419018
1612,-2.609829566,52.91399018,-2.609729566,52.91409018
1613,-2.609829566,52.91389018,-2.609729566,52.91399018
1614,-2.609829566,52.91379018,-2.609729566,52.91389018
1615,-2.609829566,52.91369018,-2.609729566,52.91379018
1616,-2.609829566,52.91359018,-2.609729566,52.91369018
1649,-2.609729566,52.91469018,-2.609629566,52.91479018
1650,-2.609729566,52.91459018,-2.609629566,52.91469018
1651,-2.609729566,52.91449018,-2.609629566,52.91459018
1652,-2.609729566,52.91439018,-2.609629566,52.91449018
1653,-2.609729566,52.91429018,-2.609629566,52.91439018
1654,-2.609729566,52.91419018,-2.609629566,52.91429018
1655,-2.609729566,52.91409018,-2.609629566,52.91419018
1656,-2.609729566,52.91399018,-2.609629566,52.91409018
1657,-2.609729566,52.91389018,-2.609629566,52.91399018
1658,-2.609729566,52.91379018,-2.609629566,52.91389018
1659,-2.609729566,52.91369018,-2.609629566,52.91379018
1693,-2.609629566,52.91469018,-2.609529566,52.91479018
1694,-2.609629566,52.91459018,-2.609529566,52.91469018
1695,-2.609629566,52.91449018,-2.609529566,52.91459018
1696,-2.609629566,52.91439018,-2.609529566,52.91449018
1697,-2.609629566,52.91429018,-2.609529566,52.91439018
1698,-2.609629566,52.91419018,-2.609529566,52.91429018
1699,-2.609629566,52.91409018,-2.609529566,52.91419018
1700,-2.609629566,52.91399018,-2.609529566,52.91409018
1701,-2.609629566,52.91389018,-2.609529566,52.91399018
1702,-2.609629566,52.91379018,-2.609529566,52.91389018
1703,-2.609629566,52.91369018,-2.609529566,52.91379018
1737,-2.609529566,52.91469018,-2.609429566,52.91479018
1738,-2.609529566,52.91459018,-2.609429566,52.91469018
1739,-2.609529566,52.91449018,-2.609429566,52.91459018
1740,-2.609529566,52.91439018,-2.609429566,52.91449018
1741,-2.609529566,52.91429018,-2.609429566,52.91439018
1742,-2.609529566,52.91419018,-2.609429566,52.91429018
1743,-2.609529566,52.91409018,-2.609429566,52.91419018
1744,-2.609529566,52.91399018,-2.609429566,52.91409018
1745,-2.609529566,52.91389018,-2.609429566,52.91399018
1746,-2.609529566,52.91379018,-2.609429566,52.91389018
1781,-2.609429566,52.91469018,-2.609329566,52.91479018
1782,-2.609429566,52.91459018,-2.609329566,52.91469018
1783,-2.609429566,52.91449018,-2.609329566,52.91459018
1784,-2.609429566,52.91439018,-2.609329566,52.91449018
1785,-2.609429566,52.91429018,-2.609329566,52.91439018
1786,-2.609429566,52.91419018,-2.609329566,52.91429018
1787,-2.609429566,52.91409018,-2.609329566,52.91419018
1788,-2.609429566,52.91399018,-2.609329566,52.91409018
1789,-2.609429566,52.91389018,-2.609329566,52.91399018
1790,-2.609429566,52.91379018,-2.609329566,52.91389018
1825,-2.609329566,52.91469018,-2.609229566,52.91479018
1826,-2.609329566,52.91459018,-2.609229566,52.91469018
1827,-2.609329566,52.91449018,-2.609229566,52.91459018
1828,-2.609329566,52.91439018,-2.609229566,52.91449018
1829,-2.609329566,52.91429018,-2.609229566,52.91439018
1830,-2.609329566,52.91419018,-2.609229566,52.91429018
1831,-2.609329566,52.91409018,-2.609229566,52.91419018
1832,-2.609329566,52.91399018,-2.609229566,52.91409018
1833,-2.609329566,52.91389018,-2.609229566,52.91399018
1869,-2.609229566,52.91469018,-2.609129566,52.91479018
1870,-2.609229566,52.91459018,-2.609129566,52.91469018
1871,-2.609229566,52.91449018,-2.609129566,52.91459018
1872,-2.609229566,52.91439018,-2.609129566,52.91449018
1873,-2.609229566,52.91429018,-2.609129566,52.91439018
1874,-2.609229566,52.91419018,-2.609129566,52.91429018
1875,-2.609229566,52.91409018,-2.609129566,52.91419018
1876,-2.609229566,52.91399018,-2.609129566,52.91409018
1877,-2.609229566,52.91389018,-2.609129566,52.91399018
1913,-2.609129566,52.91469018,-2.609029566,52.91479018
1914,-2.609129566,52.91459018,-2.609029566,52.91469018
1915,-2.609129566,52.91449018,-2.609029566,52.91459018
1916,-2.609129566,52.91439018,-2.609029566,52.91449018
1917,-2.609129566,52.91429018,-2.609029566,52.91439018
1918,-2.609129566,52.91419018,-2.609029566,52.91429018
1919,-2.609129566,52.91409018,-2.609029566,52.91419018
1920,-2.609129566,52.91399018,-2.609029566,52.91409018
1957,-2.609029566,52.91469018,-2.608929566,52.91479018
1958,-2.609029566,52.91459018,-2.608929566,52.91469018
1959,-2.609029566,52.91449018,-2.608929566,52.91459018
1960,-2.609029566,52.91439018,-2.608929566,52.91449018
1961,-2.609029566,52.91429018,-2.608929566,52.91439018
1962,-2.609029566,52.91419018,-2.608929566,52.91429018
1963,-2.609029566,52.91409018,-2.608929566,52.91419018
1964,-2.609029566,52.91399018,-2.608929566,52.91409018
2001,-2.608929566,52.91469018,-2.608829566,52.91479018
2002,-2.608929566,52.91459018,-2.608829566,52.91469018
2003,-2.608929566,52.91449018,-2.608829566,52.91459018
2004,-2.608929566,52.91439018,-2.608829566,52.91449018
2005,-2.608929566,52.91429018,-2.608829566,52.91439018
2006,-2.608929566,52.91419018,-2.608829566,52.91429018
2007,-2.608929566,52.91409018,-2.608829566,52.91419018
2045,-2.608829566,52.91469018,-2.608729566,52.91479018
2046,-2.608829566,52.91459018,-2.608729566,52.91469018
2047,-2.608829566,52.91449018,-2.608729566,52.91459018
2048,-2.608829566,52.91439018,-2.608729566,52.91449018
2049,-2.608829566,52.91429018,-2.608729566,52.91439018
2050,-2.608829566,52.91419018,-2.608729566,52.91429018
2051,-2.608829566,52.91409018,-2.608729566,52.91419018
2089,-2.608729566,52.91469018,-2.608629566,52.91479018
2090,-2.608729566,52.91459018,-2.608629566,52.91469018
2091,-2.608729566,52.91449018,-2.608629566,52.91459018
2092,-2.608729566,52.91439018,-2.608629566,52.91449018
2093,-2.608729566,52.91429018,-2.608629566,52.91439018
2094,-2.608729566,52.91419018,-2.608629566,52.91429018
2095,-2.608729566,52.91409018,-2.608629566,52.91419018
2133,-2.608629566,52.91469018,-2.608529566,52.91479018
2134,-2.608629566,52.91459018,-2.608529566,52.91469018
2135,-2.608629566,52.91449018,-2.608529566,52.91459018
2136,-2.608629566,52.91439018,-2.608529566,52.91449018
2137,-2.608629566,52.91429018,-2.608529566,52.91439018
2138,-2.608629566,52.91419018,-2.608529566,52.91429018
2177,-2.608529566,52.91469018,-2.608429566,52.91479018
2178,-2.608529566,52.91459018,-2.608429566,52.91469018
2179,-2.608529566,52.91449018,-2.608429566,52.91459018
2180,-2.608529566,52.91439018,-2.608429566,52.91449018
2181,-2.608529566,52.91429018,-2.608429566,52.91439018
2182,-2.608529566,52.91419018,-2.608429566,52.91429018
2221,-2.608429566,52.91469018,-2.608329566,52.91479018
2222,-2.608429566,52.91459018,-2.608329566,52.91469018
2223,-2.608429566,52.91449018,-2.608329566,52.91459018
2224,-2.608429566,52.91439018,-2.608329566,52.91449018
2225,-2.608429566,52.91429018,-2.608329566,52.91439018
2265,-2.608329566,52.91469018,-2.608229566,52.91479018
2266,-2.608329566,52.91459018,-2.608229566,52.91469018
2267,-2.608329566,52.91449018,-2.608229566,52.91459018
2268,-2.608329566,52.91439018,-2.608229566,52.91449018
2269,-2.608329566,52.91429018,-2.608229566,52.91439018
2309,-2.608229566,52.91469018,-2.608129566,52.91479018
2310,-2.608229566,52.91459018,-2.608129566,52.91469018
2311,-2.608229566,52.91449018,-2.608129566,52.91459018
2312,-2.608229566,52.91439018,-2.608129566,52.91449018
2313,-2.608229566,52.91429018,-2.608129566,52.91439018
2353,-2.608129566,52.91469018,-2.608029566,52.91479018
2354,-2.608129566,52.91459018,-2.608029566,52.91469018
2355,-2.608129566,52.91449018,-2.608029566,52.91459018
2356,-2.608129566,52.91439018,-2.608029566,52.91449018
472,-2.612429566,52.91359018,-2.612329566,52.91369018
473,-2.612429566,52.91349018,-2.612329566,52.91359018
474,-2.612429566,52.91339018,-2.612329566,52.91349018
475,-2.612429566,52.91329018,-2.612329566,52.91339018
476,-2.612429566,52.91319018,-2.612329566,52.91329018
477,-2.612429566,52.91309018,-2.612329566,52.91319018
478,-2.612429566,52.91299018,-2.612329566,52.91309018
479,-2.612429566,52.91289018,-2.612329566,52.91299018
480,-2.612429566,52.91279018,-2.612329566,52.91289018
515,-2.612329566,52.91369018,-2.612229566,52.91379018
516,-2.612329566,52.91359018,-2.612229566,52.91369018
517,-2.612329566,52.91349018,-2.612229566,52.91359018
518,-2.612329566,52.91339018,-2.612229566,52.91349018
519,-2.612329566,52.91329018,-2.612229566,52.91339018
520,-2.612329566,52.91319018,-2.612229566,52.91329018
521,-2.612329566,52.91309018,-2.612229566,52.91319018
522,-2.612329566,52.91299018,-2.612229566,52.91309018
523,-2.612329566,52.91289018,-2.612229566,52.91299018
524,-2.612329566,52.91279018,-2.612229566,52.91289018
558,-2.612229566,52.91379018,-2.612129566,52.91389018
559,-2.612229566,52.91369018,-2.612129566,52.91379018
560,-2.612229566,52.91359018,-2.612129566,52.91369018
561,-2.612229566,52.91349018,-2.612129566,52.91359018
562,-2.612229566,52.91339018,-2.612129566,52.91349018
563,-2.612229566,52.91329018,-2.612129566,52.91339018
564,-2.612229566,52.91319018,-2.612129566,52.91329018
565,-2.612229566,52.91309018,-2.612129566,52.91319018
566,-2.612229566,52.91299018,-2.612129566,52.91309018
567,-2.612229566,52.91289018,-2.612129566,52.91299018
568,-2.612229566,52.91279018,-2.612129566,52.91289018
1472,-2.610129566,52.91479018,-2.610029566,52.91489018
1516,-2.610029566,52.91479018,-2.609929566,52.91489018
1560,-2.609929566,52.91479018,-2.609829566,52.91489018
1604,-2.609829566,52.91479018,-2.609729566,52.91489018
1648,-2.609729566,52.91479018,-2.609629566,52.91489018
1692,-2.609629566,52.91479018,-2.609529566,52.91489018
1736,-2.609529566,52.91479018,-2.609429566,52.91489018
1780,-2.609429566,52.91479018,-2.609329566,52.91489018
1824,-2.609329566,52.91479018,-2.609229566,52.91489018
1868,-2.609229566,52.91479018,-2.609129566,52.91489018
1912,-2.609129566,52.91479018,-2.609029566,52.91489018
1956,-2.609029566,52.91479018,-2.608929566,52.91489018
2000,-2.608929566,52.91479018,-2.608829566,52.91489018
2044,-2.608829566,52.91479018,-2.608729566,52.91489018
2088,-2.608729566,52.91479018,-2.608629566,52.91489018
2132,-2.608629566,52.91479018,-2.608529566,52.91489018
2176,-2.608529566,52.91479018,-2.608429566,52.91489018
2220,-2.608429566,52.91479018,-2.608329566,52.91489018
2264,-2.608329566,52.91479018,-2.608229566,52.91489018
342,-2.612729566,52.91339018,-2.612629566,52.91349018
343,-2.612729566,52.91329018,-2.612629566,52.91339018
344,-2.612729566,52.91319018,-2.612629566,52.91329018
345,-2.612729566,52.91309018,-2.612629566,52.91319018
346,-2.612729566,52.91299018,-2.612629566,52.91309018
385,-2.612629566,52.91349018,-2.612529566,52.91359018
386,-2.612629566,52.91339018,-2.612529566,52.91349018
387,-2.612629566,52.91329018,-2.612529566,52.91339018
388,-2.612629566,52.91319018,-2.612529566,52.91329018
389,-2.612629566,52.91309018,-2.612529566,52.91319018
390,-2.612629566,52.91299018,-2.612529566,52.91309018
428,-2.612529566,52.91359018,-2.612429566,52.91369018
429,-2.612529566,52.91349018,-2.612429566,52.91359018
430,-2.612529566,52.91339018,-2.612429566,52.91349018
431,-2.612529566,52.91329018,-2.612429566,52.91339018
432,-2.612529566,52.91319018,-2.612429566,52.91329018
433,-2.612529566,52.91309018,-2.612429566,52.91319018
434,-2.612529566,52.91299018,-2.612429566,52.91309018
1515,-2.610029566,52.91489018,-2.609929566,52.91499018
1559,-2.609929566,52.91489018,-2.609829566,52.91499018
1602,-2.609829566,52.91499018,-2.609729566,52.91509018
1603,-2.609829566,52.91489018,-2.609729566,52.91499018
1646,-2.609729566,52.91499018,-2.609629566,52.91509018
1647,-2.609729566,52.91489018,-2.609629566,52.91499018
1690,-2.609629566,52.91499018,-2.609529566,52.91509018
1691,-2.609629566,52.91489018,-2.609529566,52.91499018
1734,-2.609529566,52.91499018,-2.609429566,52.91509018
1735,-2.609529566,52.91489018,-2.609429566,52.91499018
1778,-2.609429566,52.91499018,-2.609329566,52.91509018
1779,-2.609429566,52.91489018,-2.609329566,52.91499018
1822,-2.609329566,52.91499018,-2.609229566,52.91509018
1823,-2.609329566,52.91489018,-2.609229566,52.91499018
1866,-2.609229566,52.91499018,-2.609129566,52.91509018
1867,-2.609229566,52.91489018,-2.609129566,52.91499018
1910,-2.609129566,52.91499018,-2.609029566,52.91509018
1911,-2.609129566,52.91489018,-2.609029566,52.91499018
1954,-2.609029566,52.91499018,-2.608929566,52.91509018
1955,-2.609029566,52.91489018,-2.608929566,52.91499018
1998,-2.608929566,52.91499018,-2.608829566,52.91509018
1999,-2.608929566,52.91489018,-2.608829566,52.91499018
2042,-2.608829566,52.91499018,-2.608729566,52.91509018
2043,-2.608829566,52.91489018,-2.608729566,52.91499018
2086,-2.608729566,52.91499018,-2.608629566,52.91509018
2087,-2.608729566,52.91489018,-2.608629566,52.91499018
2130,-2.608629566,52.91499018,-2.608529566,52.91509018
2131,-2.608629566,52.91489018,-2.608529566,52.91499018
255,-2.612929566,52.91329018,-2.612829566,52.91339018
256,-2.612929566,52.91319018,-2.612829566,52.91329018
298,-2.612829566,52.91339018,-2.612729566,52.91349018
299,-2.612829566,52.91329018,-2.612729566,52.91339018
300,-2.612829566,52.91319018,-2.612729566,52.91329018
1689,-2.609629566,52.91509018,-2.609529566,52.91519018
1733,-2.609529566,52.91509018,-2.609429566,52.91519018
1776,-2.609429566,52.91519018,-2.609329566,52.91529018
1777,-2.609429566,52.91509018,-2.609329566,52.91519018
1820,-2.609329566,52.91519018,-2.609229566,52.91529018
1821,-2.609329566,52.91509018,-2.609229566,52.91519018
1864,-2.609229566,52.91519018,-2.609129566,52.91529018
1865,-2.609229566,52.91509018,-2.609129566,52.91519018
1908,-2.609129566,52.91519018,-2.609029566,52.91529018
1909,-2.609129566,52.91509018,-2.609029566,52.91519018
1952,-2.609029566,52.91519018,-2.608929566,52.91529018
1953,-2.609029566,52.91509018,-2.608929566,52.91519018
1996,-2.608929566,52.91519018,-2.608829566,52.91529018
1997,-2.608929566,52.91509018,-2.608829566,52.91519018
2040,-2.608829566,52.91519018,-2.608729566,52.91529018
2041,-2.608829566,52.91509018,-2.608729566,52.91519018
2255,-2.608329566,52.91569018,-2.608229566,52.91579018
2256,-2.608329566,52.91559018,-2.608229566,52.91569018
2257,-2.608329566,52.91549018,-2.608229566,52.91559018
2260,-2.608329566,52.91519018,-2.608229566,52.91529018
2261,-2.608329566,52.91509018,-2.608229566,52.91519018
2262,-2.608329566,52.91499018,-2.608229566,52.91509018
2263,-2.608329566,52.91489018,-2.608229566,52.91499018
2299,-2.608229566,52.91569018,-2.608129566,52.91579018
2300,-2.608229566,52.91559018,-2.608129566,52.91569018
2301,-2.608229566,52.91549018,-2.608129566,52.91559018
2304,-2.608229566,52.91519018,-2.608129566,52.91529018
2306,-2.608229566,52.91499018,-2.608129566,52.91509018
2307,-2.608229566,52.91489018,-2.608129566,52.91499018
2308,-2.608229566,52.91479018,-2.608129566,52.91489018
2343,-2.608129566,52.91569018,-2.608029566,52.91579018
2344,-2.608129566,52.91559018,-2.608029566,52.91569018
2345,-2.608129566,52.91549018,-2.608029566,52.91559018
2347,-2.608129566,52.91529018,-2.608029566,52.91539018
2348,-2.608129566,52.91519018,-2.608029566,52.91529018
2349,-2.608129566,52.91509018,-2.608029566,52.91519018
2351,-2.608129566,52.91489018,-2.608029566,52.91499018
2352,-2.608129566,52.91479018,-2.608029566,52.91489018
2386,-2.608029566,52.91579018,-2.607929566,52.91589018
2387,-2.608029566,52.91569018,-2.607929566,52.91579018
2388,-2.608029566,52.91559018,-2.607929566,52.91569018
2389,-2.608029566,52.91549018,-2.607929566,52.91559018
2391,-2.608029566,52.91529018,-2.607929566,52.91539018
2392,-2.608029566,52.91519018,-2.607929566,52.91529018
2393,-2.608029566,52.91509018,-2.607929566,52.91519018
2394,-2.608029566,52.91499018,-2.607929566,52.91509018
2396,-2.608029566,52.91479018,-2.607929566,52.91489018
2397,-2.608029566,52.91469018,-2.607929566,52.91479018
2398,-2.608029566,52.91459018,-2.607929566,52.91469018
2430,-2.607929566,52.91579018,-2.607829566,52.91589018
2431,-2.607929566,52.91569018,-2.607829566,52.91579018
2432,-2.607929566,52.91559018,-2.607829566,52.91569018
2433,-2.607929566,52.91549018,-2.607829566,52.91559018
2434,-2.607929566,52.91539018,-2.607829566,52.91549018
2435,-2.607929566,52.91529018,-2.607829566,52.91539018
2436,-2.607929566,52.91519018,-2.607829566,52.91529018
2437,-2.607929566,52.91509018,-2.607829566,52.91519018
2438,-2.607929566,52.91499018,-2.607829566,52.91509018
2439,-2.607929566,52.91489018,-2.607829566,52.91499018
2440,-2.607929566,52.91479018,-2.607829566,52.91489018
2441,-2.607929566,52.91469018,-2.607829566,52.91479018
2442,-2.607929566,52.91459018,-2.607829566,52.91469018
2483,-2.607829566,52.91489018,-2.607729566,52.91499018
2485,-2.607829566,52.91469018,-2.607729566,52.91479018
2486,-2.607829566,52.91459018,-2.607729566,52.91469018
2527,-2.607729566,52.91489018,-2.607629566,52.91499018
2528,-2.607729566,52.91479018,-2.607629566,52.91489018
2530,-2.607729566,52.91459018,-2.607629566,52.91469018
2572,-2.607629566,52.91479018,-2.607529566,52.91489018
2573,-2.607629566,52.91469018,-2.607529566,52.91479018
2616,-2.607529566,52.91479018,-2.607429566,52.91489018
2617,-2.607529566,52.91469018,-2.607429566,52.91479018
2662,-2.607429566,52.91459018,-2.607329566,52.91469018
3434,-2.605629566,52.91659018,-2.605529566,52.91669018
3478,-2.605529566,52.91659018,-2.605429566,52.91669018
3479,-2.605529566,52.91649018,-2.605429566,52.91659018
3480,-2.605529566,52.91639018,-2.605429566,52.91649018
3522,-2.605429566,52.91659018,-2.605329566,52.91669018
3523,-2.605429566,52.91649018,-2.605329566,52.91659018
3524,-2.605429566,52.91639018,-2.605329566,52.91649018
3567,-2.605329566,52.91649018,-2.605229566,52.91659018
3568,-2.605329566,52.91639018,-2.605229566,52.91649018
3569,-2.605329566,52.91629018,-2.605229566,52.91639018
3570,-2.605329566,52.91619018,-2.605229566,52.91629018
3612,-2.605229566,52.91639018,-2.605129566,52.91649018
3613,-2.605229566,52.91629018,-2.605129566,52.91639018
3614,-2.605229566,52.91619018,-2.605129566,52.91629018
3657,-2.605129566,52.91629018,-2.605029566,52.91639018
3658,-2.605129566,52.91619018,-2.605029566,52.91629018
3659,-2.605129566,52.91609018,-2.605029566,52.91619018
3701,-2.605029566,52.91629018,-2.604929566,52.91639018
3702,-2.605029566,52.91619018,-2.604929566,52.91629018
3703,-2.605029566,52.91609018,-2.604929566,52.91619018
3704,-2.605029566,52.91599018,-2.604929566,52.91609018
3705,-2.605029566,52.91589018,-2.604929566,52.91599018
3747,-2.604929566,52.91609018,-2.604829566,52.91619018
3748,-2.604929566,52.91599018,-2.604829566,52.91609018
3749,-2.604929566,52.91589018,-2.604829566,52.91599018
3792,-2.604829566,52.91599018,-2.604729566,52.91609018
3793,-2.604829566,52.91589018,-2.604729566,52.91599018
3794,-2.604829566,52.91579018,-2.604729566,52.91589018
3795,-2.604829566,52.91569018,-2.604729566,52.91579018
3837,-2.604729566,52.91589018,-2.604629566,52.91599018
3838,-2.604729566,52.91579018,-2.604629566,52.91589018
3839,-2.604729566,52.91569018,-2.604629566,52.91579018
3882,-2.604629566,52.91579018,-2.604529566,52.91589018
3883,-2.604629566,52.91569018,-2.604529566,52.91579018
3884,-2.604629566,52.91559018,-2.604529566,52.91569018
3885,-2.604629566,52.91549018,-2.604529566,52.91559018
3927,-2.604529566,52.91569018,-2.604429566,52.91579018
3928,-2.604529566,52.91559018,-2.604429566,52.91569018
3929,-2.604529566,52.91549018,-2.604429566,52.91559018
3972,-2.604429566,52.91559018,-2.604329566,52.91569018
81,-2.613329566,52.91309018,-2.613229566,52.91319018
124,-2.613229566,52.91319018,-2.613129566,52.91329018
125,-2.613229566,52.91309018,-2.613129566,52.91319018
168,-2.613129566,52.91319018,-2.613029566,52.91329018
169,-2.613129566,52.91309018,-2.613029566,52.91319018
170,-2.613129566,52.91299018,-2.613029566,52.91309018
211,-2.613029566,52.91329018,-2.612929566,52.91339018
212,-2.613029566,52.91319018,-2.612929566,52.91329018
213,-2.613029566,52.91309018,-2.612929566,52.91319018
214,-2.613029566,52.91299018,-2.612929566,52.91309018
215,-2.613029566,52.91289018,-2.612929566,52.91299018
257,-2.612929566,52.91309018,-2.612829566,52.91319018
258,-2.612929566,52.91299018,-2.612829566,52.91309018
259,-2.612929566,52.91289018,-2.612829566,52.91299018
301,-2.612829566,52.91309018,-2.612729566,52.91319018
302,-2.612829566,52.91299018,-2.612729566,52.91309018
303,-2.612829566,52.91289018,-2.612729566,52.91299018
304,-2.612829566,52.91279018,-2.612729566,52.91289018
347,-2.612729566,52.91289018,-2.612629566,52.91299018
348,-2.612729566,52.91279018,-2.612629566,52.91289018
349,-2.612729566,52.91269018,-2.612629566,52.91279018
391,-2.612629566,52.91289018,-2.612529566,52.91299018
392,-2.612629566,52.91279018,-2.612529566,52.91289018
393,-2.612629566,52.91269018,-2.612529566,52.91279018
435,-2.612529566,52.91289018,-2.612429566,52.91299018
436,-2.612529566,52.91279018,-2.612429566,52.91289018
437,-2.612529566,52.91269018,-2.612429566,52.91279018
438,-2.612529566,52.91259018,-2.612429566,52.91269018
481,-2.612429566,52.91269018,-2.612329566,52.91279018
482,-2.612429566,52.91259018,-2.612329566,52.91269018
483,-2.612429566,52.91249018,-2.612329566,52.91259018
525,-2.612329566,52.91269018,-2.612229566,52.91279018
526,-2.612329566,52.91259018,-2.612229566,52.91269018
527,-2.612329566,52.91249018,-2.612229566,52.91259018
569,-2.612229566,52.91269018,-2.612129566,52.91279018
570,-2.612229566,52.91259018,-2.612129566,52.91269018
571,-2.612229566,52.91249018,-2.612129566,52.91259018
572,-2.612229566,52.91239018,-2.612129566,52.91249018
614,-2.612129566,52.91259018,-2.612029566,52.91269018
615,-2.612129566,52.91249018,-2.612029566,52.91259018
616,-2.612129566,52.91239018,-2.612029566,52.91249018
658,-2.612029566,52.91259018,-2.611929566,52.91269018
659,-2.612029566,52.91249018,-2.611929566,52.91259018
660,-2.612029566,52.91239018,-2.611929566,52.91249018
702,-2.611929566,52.91259018,-2.611829566,52.91269018
703,-2.611929566,52.91249018,-2.611829566,52.91259018
704,-2.611929566,52.91239018,-2.611829566,52.91249018
746,-2.611829566,52.91259018,-2.611729566,52.91269018
747,-2.611829566,52.91249018,-2.611729566,52.91259018
790,-2.611729566,52.91259018,-2.611629566,52.91269018
791,-2.611729566,52.91249018,-2.611629566,52.91259018
834,-2.611629566,52.91259018,-2.611529566,52.91269018
1907,-2.609129566,52.91529018,-2.609029566,52.91539018
1951,-2.609029566,52.91529018,-2.608929566,52.91539018
1994,-2.608929566,52.91539018,-2.608829566,52.91549018
1995,-2.608929566,52.91529018,-2.608829566,52.91539018
2038,-2.608829566,52.91539018,-2.608729566,52.91549018
2039,-2.608829566,52.91529018,-2.608729566,52.91539018
2083,-2.608729566,52.91529018,-2.608629566,52.91539018
2084,-2.608729566,52.91519018,-2.608629566,52.91529018
2085,-2.608729566,52.91509018,-2.608629566,52.91519018
2127,-2.608629566,52.91529018,-2.608529566,52.91539018
2128,-2.608629566,52.91519018,-2.608529566,52.91529018
2129,-2.608629566,52.91509018,-2.608529566,52.91519018
2172,-2.608529566,52.91519018,-2.608429566,52.91529018
2173,-2.608529566,52.91509018,-2.608429566,52.91519018
2174,-2.608529566,52.91499018,-2.608429566,52.91509018
2175,-2.608529566,52.91489018,-2.608429566,52.91499018
2217,-2.608429566,52.91509018,-2.608329566,52.91519018
2218,-2.608429566,52.91499018,-2.608329566,52.91509018
2219,-2.608429566,52.91489018,-2.608329566,52.91499018
2399,-2.608029566,52.91449018,-2.607929566,52.91459018
2400,-2.608029566,52.91439018,-2.607929566,52.91449018
2443,-2.607929566,52.91449018,-2.607829566,52.91459018
2444,-2.607929566,52.91439018,-2.607829566,52.91449018
2487,-2.607829566,52.91449018,-2.607729566,52.91459018
2531,-2.607729566,52.91449018,-2.607629566,52.91459018