id,left,top,right,bottom
"2474",-2.607829566,52.915790177,-2.607729566,52.915890177
"2475",-2.607829566,52.915690177,-2.607729566,52.915790177
"2517",-2.607729566,52.915890177,-2.607629566,52.915990177
"2518",-2.607729566,52.915790177,-2.607629566,52.915890177
"2519",-2.607729566,52.915690177,-2.607629566,52.915790177
"2561",-2.607629566,52.915890177,-2.607529566,52.915990177
"2562",-2.607629566,52.915790177,-2.607529566,52.915890177
"2563",-2.607629566,52.915690177,-2.607529566,52.915790177
"2605",-2.607529566,52.915890177,-2.607429566,52.915990177
"2606",-2.607529566,52.915790177,-2.607429566,52.915890177
"2607",-2.607529566,52.915690177,-2.607429566,52.915790177
"2648",-2.607429566,52.915990177,-2.607329566,52.916090177
"2649",-2.607429566,52.915890177,-2.607329566,52.915990177
"2650",-2.607429566,52.915790177,-2.607329566,52.915890177
"2651",-2.607429566,52.915690177,-2.607329566,52.915790177
"2692",-2.607329566,52.915990177,-2.607229566,52.916090177
"2693",-2.607329566,52.915890177,-2.607229566,52.915990177
"2694",-2.607329566,52.915790177,-2.607229566,52.915890177
"2695",-2.607329566,52.915690177,-2.607229566,52.915790177
"2736",-2.607229566,52.915990177,-2.607129566,52.916090177
"2737",-2.607229566,52.915890177,-2.607129566,52.915990177
"2738",-2.607229566,52.915790177,-2.607129566,52.915890177
"2739",-2.607229566,52.915690177,-2.607129566,52.915790177
"2780",-2.607129566,52.915990177,-2.607029566,52.916090177
"2781",-2.607129566,52.915890177,-2.607029566,52.915990177
"2782",-2.607129566,52.915790177,-2.607029566,52.915890177
"2783",-2.607129566,52.915690177,-2.607029566,52.915790177
"2823",-2.607029566,52.916090177,-2.606929566,52.916190177
"2824",-2.607029566,52.915990177,-2.606929566,52.916090177
"2825",-2.607029566,52.915890177,-2.606929566,52.915990177
"2826",-2.607029566,52.915790177,-2.606929566,52.915890177
"2827",-2.607029566,52.915690177,-2.606929566,52.915790177
"2867",-2.606929566,52.916090177,-2.606829566,52.916190177
"2868",-2.606929566,52.915990177,-2.606829566,52.916090177
"2869",-2.606929566,52.915890177,-2.606829566,52.915990177
"2870",-2.606929566,52.915790177,-2.606829566,52.915890177
"2871",-2.606929566,52.915690177,-2.606829566,52.915790177
"2911",-2.606829566,52.916090177,-2.606729566,52.916190177
"2912",-2.606829566,52.915990177,-2.606729566,52.916090177
"2913",-2.606829566,52.915890177,-2.606729566,52.915990177
"2914",-2.606829566,52.915790177,-2.606729566,52.915890177
"2915",-2.606829566,52.915690177,-2.606729566,52.915790177
"2954",-2.606729566,52.916190177,-2.606629566,52.916290177
"2955",-2.606729566,52.916090177,-2.606629566,52.916190177
"2956",-2.606729566,52.915990177,-2.606629566,52.916090177
"2957",-2.606729566,52.915890177,-2.606629566,52.915990177
"2958",-2.606729566,52.915790177,-2.606629566,52.915890177
"2959",-2.606729566,52.915690177,-2.606629566,52.915790177
"2998",-2.606629566,52.916190177,-2.606529566,52.916290177
"2999",-2.606629566,52.916090177,-2.606529566,52.916190177
"3000",-2.606629566,52.915990177,-2.606529566,52.916090177
"3001",-2.606629566,52.915890177,-2.606529566,52.915990177
"3002",-2.606629566,52.915790177,-2.606529566,52.915890177
"3003",-2.606629566,52.915690177,-2.606529566,52.915790177
"3042",-2.606529566,52.916190177,-2.606429566,52.916290177
"3043",-2.606529566,52.916090177,-2.606429566,52.916190177
"3044",-2.606529566,52.915990177,-2.606429566,52.916090177
"3045",-2.606529566,52.915890177,-2.606429566,52.915990177
"3046",-2.606529566,52.915790177,-2.606429566,52.915890177
"3047",-2.606529566,52.915690177,-2.606429566,52.915790177
"3085",-2.606429566,52.916290177,-2.606329566,52.916390177
"3086",-2.606429566,52.916190177,-2.606329566,52.916290177
"3087",-2.606429566,52.916090177,-2.606329566,52.916190177
"3088",-2.606429566,52.915990177,-2.606329566,52.916090177
"3089",-2.606429566,52.915890177,-2.606329566,52.915990177
"3090",-2.606429566,52.915790177,-2.606329566,52.915890177
"3091",-2.606429566,52.915690177,-2.606329566,52.915790177
"3129",-2.606329566,52.916290177,-2.606229566,52.916390177
"3130",-2.606329566,52.916190177,-2.606229566,52.916290177
"3131",-2.606329566,52.916090177,-2.606229566,52.916190177
"3132",-2.606329566,52.915990177,-2.606229566,52.916090177
"3133",-2.606329566,52.915890177,-2.606229566,52.915990177
"3134",-2.606329566,52.915790177,-2.606229566,52.915890177
"3135",-2.606329566,52.915690177,-2.606229566,52.915790177
"3173",-2.606229566,52.916290177,-2.606129566,52.916390177
"3174",-2.606229566,52.916190177,-2.606129566,52.916290177
"3175",-2.606229566,52.916090177,-2.606129566,52.916190177
"3176",-2.606229566,52.915990177,-2.606129566,52.916090177
"3177",-2.606229566,52.915890177,-2.606129566,52.915990177
"3178",-2.606229566,52.915790177,-2.606129566,52.915890177
"3179",-2.606229566,52.915690177,-2.606129566,52.915790177
"3216",-2.606129566,52.916390177,-2.606029566,52.916490177
"3217",-2.606129566,52.916290177,-2.606029566,52.916390177
"3218",-2.606129566,52.916190177,-2.606029566,52.916290177
"3219",-2.606129566,52.916090177,-2.606029566,52.916190177
"3220",-2.606129566,52.915990177,-2.606029566,52.916090177
"3221",-2.606129566,52.915890177,-2.606029566,52.915990177
"3222",-2.606129566,52.915790177,-2.606029566,52.915890177
"3223",-2.606129566,52.915690177,-2.606029566,52.915790177
"3260",-2.606029566,52.916390177,-2.605929566,52.916490177
"3261",-2.606029566,52.916290177,-2.605929566,52.916390177
"3262",-2.606029566,52.916190177,-2.605929566,52.916290177
"3263",-2.606029566,52.916090177,-2.605929566,52.916190177
"3264",-2.606029566,52.915990177,-2.605929566,52.916090177
"3265",-2.606029566,52.915890177,-2.605929566,52.915990177
"3266",-2.606029566,52.915790177,-2.605929566,52.915890177
"3267",-2.606029566,52.915690177,-2.605929566,52.915790177
"3304",-2.605929566,52.916390177,-2.605829566,52.916490177
"3305",-2.605929566,52.916290177,-2.605829566,52.916390177
"3306",-2.605929566,52.916190177,-2.605829566,52.916290177
"3307",-2.605929566,52.916090177,-2.605829566,52.916190177
"3308",-2.605929566,52.915990177,-2.605829566,52.916090177
"3309",-2.605929566,52.915890177,-2.605829566,52.915990177
"3310",-2.605929566,52.915790177,-2.605829566,52.915890177
"3311",-2.605929566,52.915690177,-2.605829566,52.915790177
"3347",-2.605829566,52.916490177,-2.605729566,52.916590177
"3348",-2.605829566,52.916390177,-2.605729566,52.916490177
"3349",-2.605829566,52.916290177,-2.605729566,52.916390177
"3350",-2.605829566,52.916190177,-2.605729566,52.916290177
"3351",-2.605829566,52.916090177,-2.605729566,52.916190177
"3352",-2.605829566,52.915990177,-2.605729566,52.916090177
"3353",-2.605829566,52.915890177,-2.605729566,52.915990177
"3354",-2.605829566,52.915790177,-2.605729566,52.915890177
"3355",-2.605829566,52.915690177,-2.605729566,52.915790177
"3391",-2.605729566,52.916490177,-2.605629566,52.916590177
"3392",-2.605729566,52.916390177,-2.605629566,52.916490177
"3393",-2.605729566,52.916290177,-2.605629566,52.916390177
"3394",-2.605729566,52.916190177,-2.605629566,52.916290177
"3395",-2.605729566,52.916090177,-2.605629566,52.916190177
"3396",-2.605729566,52.915990177,-2.605629566,52.916090177
"3397",-2.605729566,52.915890177,-2.605629566,52.915990177
"3398",-2.605729566,52.915790177,-2.605629566,52.915890177
"3399",-2.605729566,52.915690177,-2.605629566,52.915790177
"3435",-2.605629566,52.916490177,-2.605529566,52.916590177
"3436",-2.605629566,52.916390177,-2.605529566,52.916490177
"3437",-2.605629566,52.916290177,-2.605529566,52.916390177
"3438",-2.605629566,52.916190177,-2.605529566,52.916290177
"3439",-2.605629566,52.916090177,-2.605529566,52.916190177
"3440",-2.605629566,52.915990177,-2.605529566,52.916090177
"3441",-2.605629566,52.915890177,-2.605529566,52.915990177
"3442",-2.605629566,52.915790177,-2.605529566,52.915890177
"3443",-2.605629566,52.915690177,-2.605529566,52.915790177
"2652",-2.607429566,52.915590177,-2.607329566,52.915690177
"2696",-2.607329566,52.915590177,-2.607229566,52.915690177
"2740",-2.607229566,52.915590177,-2.607129566,52.915690177
"2784",-2.607129566,52.915590177,-2.607029566,52.915690177
"2828",-2.607029566,52.915590177,-2.606929566,52.915690177
"2872",-2.606929566,52.915590177,-2.606829566,52.915690177
"2916",-2.606829566,52.915590177,-2.606729566,52.915690177
"2960",-2.606729566,52.915590177,-2.606629566,52.915690177
"3004",-2.606629566,52.915590177,-2.606529566,52.915690177
"3048",-2.606529566,52.915590177,-2.606429566,52.915690177
"3092",-2.606429566,52.915590177,-2.606329566,52.915690177
"3136",-2.606329566,52.915590177,-2.606229566,52.915690177
"3180",-2.606229566,52.915590177,-2.606129566,52.915690177
"3224",-2.606129566,52.915590177,-2.606029566,52.915690177
"3268",-2.606029566,52.915590177,-2.605929566,52.915690177
"3312",-2.605929566,52.915590177,-2.605829566,52.915690177
"3356",-2.605829566,52.915590177,-2.605729566,52.915690177
"3400",-2.605729566,52.915590177,-2.605629566,52.915690177
"3444",-2.605629566,52.915590177,-2.605529566,52.915690177
"3481",-2.605529566,52.916290177,-2.605429566,52.916390177
"3482",-2.605529566,52.916190177,-2.605429566,52.916290177
"3483",-2.605529566,52.916090177,-2.605429566,52.916190177
"3484",-2.605529566,52.915990177,-2.605429566,52.916090177
"3485",-2.605529566,52.915890177,-2.605429566,52.915990177
"3486",-2.605529566,52.915790177,-2.605429566,52.915890177
"3487",-2.605529566,52.915690177,-2.605429566,52.915790177
"3488",-2.605529566,52.915590177,-2.605429566,52.915690177
"3525",-2.605429566,52.916290177,-2.605329566,52.916390177
"3526",-2.605429566,52.916190177,-2.605329566,52.916290177
"3527",-2.605429566,52.916090177,-2.605329566,52.916190177
"3528",-2.605429566,52.915990177,-2.605329566,52.916090177
"3529",-2.605429566,52.915890177,-2.605329566,52.915990177
"3530",-2.605429566,52.915790177,-2.605329566,52.915890177
"3531",-2.605429566,52.915690177,-2.605329566,52.915790177
"3532",-2.605429566,52.915590177,-2.605329566,52.915690177
"2741",-2.607229566,52.915490177,-2.607129566,52.915590177
"2785",-2.607129566,52.915490177,-2.607029566,52.915590177
"2829",-2.607029566,52.915490177,-2.606929566,52.915590177
"2873",-2.606929566,52.915490177,-2.606829566,52.915590177
"2917",-2.606829566,52.915490177,-2.606729566,52.915590177
"2961",-2.606729566,52.915490177,-2.606629566,52.915590177
"3005",-2.606629566,52.915490177,-2.606529566,52.915590177
"3049",-2.606529566,52.915490177,-2.606429566,52.915590177
"3093",-2.606429566,52.915490177,-2.606329566,52.915590177
"3137",-2.606329566,52.915490177,-2.606229566,52.915590177
"3181",-2.606229566,52.915490177,-2.606129566,52.915590177
"3225",-2.606129566,52.915490177,-2.606029566,52.915590177
"3269",-2.606029566,52.915490177,-2.605929566,52.915590177
"3313",-2.605929566,52.915490177,-2.605829566,52.915590177
"3357",-2.605829566,52.915490177,-2.605729566,52.915590177
"3401",-2.605729566,52.915490177,-2.605629566,52.915590177
"3445",-2.605629566,52.915490177,-2.605529566,52.915590177
"3489",-2.605529566,52.915490177,-2.605429566,52.915590177
"3533",-2.605429566,52.915490177,-2.605329566,52.915590177
"3571",-2.605329566,52.916090177,-2.605229566,52.916190177
"3572",-2.605329566,52.915990177,-2.605229566,52.916090177
"3573",-2.605329566,52.915890177,-2.605229566,52.915990177
"3574",-2.605329566,52.915790177,-2.605229566,52.915890177
"3575",-2.605329566,52.915690177,-2.605229566,52.915790177
"3576",-2.605329566,52.915590177,-2.605229566,52.915690177
"3577",-2.605329566,52.915490177,-2.605229566,52.915590177
"3615",-2.605229566,52.916090177,-2.605129566,52.916190177
"3616",-2.605229566,52.915990177,-2.605129566,52.916090177
"3617",-2.605229566,52.915890177,-2.605129566,52.915990177
"3618",-2.605229566,52.915790177,-2.605129566,52.915890177
"3619",-2.605229566,52.915690177,-2.605129566,52.915790177
"3620",-2.605229566,52.915590177,-2.605129566,52.915690177
"3621",-2.605229566,52.915490177,-2.605129566,52.915590177
"2564",-2.607629566,52.915590177,-2.607529566,52.915690177
"2565",-2.607629566,52.915490177,-2.607529566,52.915590177
"2566",-2.607629566,52.915390177,-2.607529566,52.915490177
"2567",-2.607629566,52.915290177,-2.607529566,52.915390177
"2568",-2.607629566,52.915190177,-2.607529566,52.915290177
"2569",-2.607629566,52.915090177,-2.607529566,52.915190177
"2570",-2.607629566,52.914990177,-2.607529566,52.915090177
"2571",-2.607629566,52.914890177,-2.607529566,52.914990177
"2608",-2.607529566,52.915590177,-2.607429566,52.915690177
"2609",-2.607529566,52.915490177,-2.607429566,52.915590177
"2610",-2.607529566,52.915390177,-2.607429566,52.915490177
"2611",-2.607529566,52.915290177,-2.607429566,52.915390177
"2612",-2.607529566,52.915190177,-2.607429566,52.915290177
"2613",-2.607529566,52.915090177,-2.607429566,52.915190177
"2614",-2.607529566,52.914990177,-2.607429566,52.915090177
"2615",-2.607529566,52.914890177,-2.607429566,52.914990177
"2653",-2.607429566,52.915490177,-2.607329566,52.915590177
"2654",-2.607429566,52.915390177,-2.607329566,52.915490177
"2655",-2.607429566,52.915290177,-2.607329566,52.915390177
"2656",-2.607429566,52.915190177,-2.607329566,52.915290177
"2657",-2.607429566,52.915090177,-2.607329566,52.915190177
"2658",-2.607429566,52.914990177,-2.607329566,52.915090177
"2659",-2.607429566,52.914890177,-2.607329566,52.914990177
"2697",-2.607329566,52.915490177,-2.607229566,52.915590177
"2698",-2.607329566,52.915390177,-2.607229566,52.915490177
"2699",-2.607329566,52.915290177,-2.607229566,52.915390177
"2700",-2.607329566,52.915190177,-2.607229566,52.915290177
"2701",-2.607329566,52.915090177,-2.607229566,52.915190177
"2702",-2.607329566,52.914990177,-2.607229566,52.915090177
"2703",-2.607329566,52.914890177,-2.607229566,52.914990177
"2742",-2.607229566,52.915390177,-2.607129566,52.915490177
"2743",-2.607229566,52.915290177,-2.607129566,52.915390177
"2744",-2.607229566,52.915190177,-2.607129566,52.915290177
"2745",-2.607229566,52.915090177,-2.607129566,52.915190177
"2746",-2.607229566,52.914990177,-2.607129566,52.915090177
"2747",-2.607229566,52.914890177,-2.607129566,52.914990177
"2786",-2.607129566,52.915390177,-2.607029566,52.915490177
"2787",-2.607129566,52.915290177,-2.607029566,52.915390177
"2788",-2.607129566,52.915190177,-2.607029566,52.915290177
"2789",-2.607129566,52.915090177,-2.607029566,52.915190177
"2790",-2.607129566,52.914990177,-2.607029566,52.915090177
"2791",-2.607129566,52.914890177,-2.607029566,52.914990177
"2830",-2.607029566,52.915390177,-2.606929566,52.915490177
"2831",-2.607029566,52.915290177,-2.606929566,52.915390177
"2832",-2.607029566,52.915190177,-2.606929566,52.915290177
"2833",-2.607029566,52.915090177,-2.606929566,52.915190177
"2834",-2.607029566,52.914990177,-2.606929566,52.915090177
"2835",-2.607029566,52.914890177,-2.606929566,52.914990177
"2874",-2.606929566,52.915390177,-2.606829566,52.915490177
"2875",-2.606929566,52.915290177,-2.606829566,52.915390177
"2876",-2.606929566,52.915190177,-2.606829566,52.915290177
"2877",-2.606929566,52.915090177,-2.606829566,52.915190177
"2878",-2.606929566,52.914990177,-2.606829566,52.915090177
"2879",-2.606929566,52.914890177,-2.606829566,52.914990177
"2918",-2.606829566,52.915390177,-2.606729566,52.915490177
"2919",-2.606829566,52.915290177,-2.606729566,52.915390177
"2920",-2.606829566,52.915190177,-2.606729566,52.915290177
"2921",-2.606829566,52.915090177,-2.606729566,52.915190177
"2922",-2.606829566,52.914990177,-2.606729566,52.915090177
"2923",-2.606829566,52.914890177,-2.606729566,52.914990177
"2962",-2.606729566,52.915390177,-2.606629566,52.915490177
"2963",-2.606729566,52.915290177,-2.606629566,52.915390177
"2964",-2.606729566,52.915190177,-2.606629566,52.915290177
"2965",-2.606729566,52.915090177,-2.606629566,52.915190177
"2966",-2.606729566,52.914990177,-2.606629566,52.915090177
"2967",-2.606729566,52.914890177,-2.606629566,52.914990177
"3006",-2.606629566,52.915390177,-2.606529566,52.915490177
"3007",-2.606629566,52.915290177,-2.606529566,52.915390177
"3008",-2.606629566,52.915190177,-2.606529566,52.915290177
"3009",-2.606629566,52.915090177,-2.606529566,52.915190177
"3010",-2.606629566,52.914990177,-2.606529566,52.915090177
"3011",-2.606629566,52.914890177,-2.606529566,52.914990177
"3050",-2.606529566,52.915390177,-2.606429566,52.915490177
"3051",-2.606529566,52.915290177,-2.606429566,52.915390177
"3052",-2.606529566,52.915190177,-2.606429566,52.915290177
"3053",-2.606529566,52.915090177,-2.606429566,52.915190177
"3054",-2.606529566,52.914990177,-2.606429566,52.915090177
"3055",-2.606529566,52.914890177,-2.606429566,52.914990177
"3094",-2.606429566,52.915390177,-2.606329566,52.915490177
"3095",-2.606429566,52.915290177,-2.606329566,52.915390177
"3096",-2.606429566,52.915190177,-2.606329566,52.915290177
"3097",-2.606429566,52.915090177,-2.606329566,52.915190177
"3098",-2.606429566,52.914990177,-2.606329566,52.915090177
"3099",-2.606429566,52.914890177,-2.606329566,52.914990177
"3138",-2.606329566,52.915390177,-2.606229566,52.915490177
"3139",-2.606329566,52.915290177,-2.606229566,52.915390177
"3140",-2.606329566,52.915190177,-2.606229566,52.915290177
"3141",-2.606329566,52.915090177,-2.606229566,52.915190177
"3142",-2.606329566,52.914990177,-2.606229566,52.915090177
"3182",-2.606229566,52.915390177,-2.606129566,52.915490177
"3183",-2.606229566,52.915290177,-2.606129566,52.915390177
"3184",-2.606229566,52.915190177,-2.606129566,52.915290177
"3185",-2.606229566,52.915090177,-2.606129566,52.915190177
"3186",-2.606229566,52.914990177,-2.606129566,52.915090177
"3226",-2.606129566,52.915390177,-2.606029566,52.915490177
"3227",-2.606129566,52.915290177,-2.606029566,52.915390177
"3228",-2.606129566,52.915190177,-2.606029566,52.915290177
"3229",-2.606129566,52.915090177,-2.606029566,52.915190177
"3230",-2.606129566,52.914990177,-2.606029566,52.915090177
"3270",-2.606029566,52.915390177,-2.605929566,52.915490177
"3271",-2.606029566,52.915290177,-2.605929566,52.915390177
"3272",-2.606029566,52.915190177,-2.605929566,52.915290177
"3273",-2.606029566,52.915090177,-2.605929566,52.915190177
"3314",-2.605929566,52.915390177,-2.605829566,52.915490177
"3315",-2.605929566,52.915290177,-2.605829566,52.915390177
"3316",-2.605929566,52.915190177,-2.605829566,52.915290177
"3317",-2.605929566,52.915090177,-2.605829566,52.915190177
"3358",-2.605829566,52.915390177,-2.605729566,52.915490177
"3359",-2.605829566,52.915290177,-2.605729566,52.915390177
"3360",-2.605829566,52.915190177,-2.605729566,52.915290177
"3361",-2.605829566,52.915090177,-2.605729566,52.915190177
"3402",-2.605729566,52.915390177,-2.605629566,52.915490177
"3403",-2.605729566,52.915290177,-2.605629566,52.915390177
"3404",-2.605729566,52.915190177,-2.605629566,52.915290177
"3446",-2.605629566,52.915390177,-2.605529566,52.915490177
"3447",-2.605629566,52.915290177,-2.605529566,52.915390177
"3448",-2.605629566,52.915190177,-2.605529566,52.915290177
"3490",-2.605529566,52.915390177,-2.605429566,52.915490177
"3491",-2.605529566,52.915290177,-2.605429566,52.915390177
"3492",-2.605529566,52.915190177,-2.605429566,52.915290177
"3534",-2.605429566,52.915390177,-2.605329566,52.915490177
"3535",-2.605429566,52.915290177,-2.605329566,52.915390177
"3536",-2.605429566,52.915190177,-2.605329566,52.915290177
"3578",-2.605329566,52.915390177,-2.605229566,52.915490177
"3579",-2.605329566,52.915290177,-2.605229566,52.915390177
"3622",-2.605229566,52.915390177,-2.605129566,52.915490177
"3623",-2.605229566,52.915290177,-2.605129566,52.915390177
"3662",-2.605129566,52.915790177,-2.605029566,52.915890177
"3663",-2.605129566,52.915690177,-2.605029566,52.915790177
"3664",-2.605129566,52.915590177,-2.605029566,52.915690177
"3665",-2.605129566,52.915490177,-2.605029566,52.915590177
"3666",-2.605129566,52.915390177,-2.605029566,52.915490177
"3667",-2.605129566,52.915290177,-2.605029566,52.915390177
"3706",-2.605029566,52.915790177,-2.604929566,52.915890177
"3707",-2.605029566,52.915690177,-2.604929566,52.915790177
"3708",-2.605029566,52.915590177,-2.604929566,52.915690177
"3709",-2.605029566,52.915490177,-2.604929566,52.915590177
"3710",-2.605029566,52.915390177,-2.604929566,52.915490177
"3750",-2.604929566,52.915790177,-2.604829566,52.915890177
"3751",-2.604929566,52.915690177,-2.604829566,52.915790177
"3752",-2.604929566,52.915590177,-2.604829566,52.915690177
"3753",-2.604929566,52.915490177,-2.604829566,52.915590177
"3754",-2.604929566,52.915390177,-2.604829566,52.915490177
"2476",-2.607829566,52.915590177,-2.607729566,52.915690177
"2477",-2.607829566,52.915490177,-2.607729566,52.915590177
"2478",-2.607829566,52.915390177,-2.607729566,52.915490177
"2479",-2.607829566,52.915290177,-2.607729566,52.915390177
"2480",-2.607829566,52.915190177,-2.607729566,52.915290177
"2481",-2.607829566,52.915090177,-2.607729566,52.915190177
"2482",-2.607829566,52.914990177,-2.607729566,52.915090177
"2520",-2.607729566,52.915590177,-2.607629566,52.915690177
"2521",-2.607729566,52.915490177,-2.607629566,52.915590177
"2522",-2.607729566,52.915390177,-2.607629566,52.915490177
"2523",-2.607729566,52.915290177,-2.607629566,52.915390177
"2524",-2.607729566,52.915190177,-2.607629566,52.915290177
"2525",-2.607729566,52.915090177,-2.607629566,52.915190177
"2526",-2.607729566,52.914990177,-2.607629566,52.915090177
"3660",-2.605129566,52.915990177,-2.605029566,52.916090177
"3661",-2.605129566,52.915890177,-2.605029566,52.915990177
"2660",-2.607429566,52.914790177,-2.607329566,52.914890177
"2661",-2.607429566,52.914690177,-2.607329566,52.914790177
"2704",-2.607329566,52.914790177,-2.607229566,52.914890177
"2705",-2.607329566,52.914690177,-2.607229566,52.914790177
"2748",-2.607229566,52.914790177,-2.607129566,52.914890177
"2749",-2.607229566,52.914690177,-2.607129566,52.914790177
"2792",-2.607129566,52.914790177,-2.607029566,52.914890177
"2793",-2.607129566,52.914690177,-2.607029566,52.914790177
"2836",-2.607029566,52.914790177,-2.606929566,52.914890177
"2880",-2.606929566,52.914790177,-2.606829566,52.914890177
"2924",-2.606829566,52.914790177,-2.606729566,52.914890177
"3796",-2.604829566,52.915590177,-2.604729566,52.915690177
"3797",-2.604829566,52.915490177,-2.604729566,52.915590177
"3798",-2.604829566,52.915390177,-2.604729566,52.915490177
"3840",-2.604729566,52.915590177,-2.604629566,52.915690177
"3841",-2.604729566,52.915490177,-2.604629566,52.915590177
"602",-2.612129566,52.913790177,-2.612029566,52.913890177
"603",-2.612129566,52.913690177,-2.612029566,52.913790177
"604",-2.612129566,52.913590177,-2.612029566,52.913690177
"605",-2.612129566,52.913490177,-2.612029566,52.913590177
"606",-2.612129566,52.913390177,-2.612029566,52.913490177
"607",-2.612129566,52.913290177,-2.612029566,52.913390177
"608",-2.612129566,52.913190177,-2.612029566,52.913290177
"609",-2.612129566,52.913090177,-2.612029566,52.913190177
"610",-2.612129566,52.912990177,-2.612029566,52.913090177
"611",-2.612129566,52.912890177,-2.612029566,52.912990177
"612",-2.612129566,52.912790177,-2.612029566,52.912890177
"613",-2.612129566,52.912690177,-2.612029566,52.912790177
"645",-2.612029566,52.913890177,-2.611929566,52.913990177
"646",-2.612029566,52.913790177,-2.611929566,52.913890177
"647",-2.612029566,52.913690177,-2.611929566,52.913790177
"648",-2.612029566,52.913590177,-2.611929566,52.913690177
"649",-2.612029566,52.913490177,-2.611929566,52.913590177
"650",-2.612029566,52.913390177,-2.611929566,52.913490177
"651",-2.612029566,52.913290177,-2.611929566,52.913390177
"652",-2.612029566,52.913190177,-2.611929566,52.913290177
"653",-2.612029566,52.913090177,-2.611929566,52.913190177
"654",-2.612029566,52.912990177,-2.611929566,52.913090177
"655",-2.612029566,52.912890177,-2.611929566,52.912990177
"656",-2.612029566,52.912790177,-2.611929566,52.912890177
"657",-2.612029566,52.912690177,-2.611929566,52.912790177
"688",-2.611929566,52.913990177,-2.611829566,52.914090177
"689",-2.611929566,52.913890177,-2.611829566,52.913990177
"690",-2.611929566,52.913790177,-2.611829566,52.913890177
"691",-2.611929566,52.913690177,-2.611829566,52.913790177
"692",-2.611929566,52.913590177,-2.611829566,52.913690177
"693",-2.611929566,52.913490177,-2.611829566,52.913590177
"694",-2.611929566,52.913390177,-2.611829566,52.913490177
"695",-2.611929566,52.913290177,-2.611829566,52.913390177
"696",-2.611929566,52.913190177,-2.611829566,52.913290177
"697",-2.611929566,52.913090177,-2.611829566,52.913190177
"698",-2.611929566,52.912990177,-2.611829566,52.913090177
"699",-2.611929566,52.912890177,-2.611829566,52.912990177
"700",-2.611929566,52.912790177,-2.611829566,52.912890177
"701",-2.611929566,52.912690177,-2.611829566,52.912790177
"731",-2.611829566,52.914090177,-2.611729566,52.914190177
"732",-2.611829566,52.913990177,-2.611729566,52.914090177
"733",-2.611829566,52.913890177,-2.611729566,52.913990177
"734",-2.611829566,52.913790177,-2.611729566,52.913890177
"735",-2.611829566,52.913690177,-2.611729566,52.913790177
"736",-2.611829566,52.913590177,-2.611729566,52.913690177
"737",-2.611829566,52.913490177,-2.611729566,52.913590177
"738",-2.611829566,52.913390177,-2.611729566,52.913490177
"739",-2.611829566,52.913290177,-2.611729566,52.913390177
"740",-2.611829566,52.913190177,-2.611729566,52.913290177
"741",-2.611829566,52.913090177,-2.611729566,52.913190177
"742",-2.611829566,52.912990177,-2.611729566,52.913090177
"743",-2.611829566,52.912890177,-2.611729566,52.912990177
"744",-2.611829566,52.912790177,-2.611729566,52.912890177
"745",-2.611829566,52.912690177,-2.611729566,52.912790177
"775",-2.611729566,52.914090177,-2.611629566,52.914190177
"776",-2.611729566,52.913990177,-2.611629566,52.914090177
"777",-2.611729566,52.913890177,-2.611629566,52.913990177
"778",-2.611729566,52.913790177,-2.611629566,52.913890177
"779",-2.611729566,52.913690177,-2.611629566,52.913790177
"780",-2.611729566,52.913590177,-2.611629566,52.913690177
"781",-2.611729566,52.913490177,-2.611629566,52.913590177
"782",-2.611729566,52.913390177,-2.611629566,52.913490177
"783",-2.611729566,52.913290177,-2.611629566,52.913390177
"784",-2.611729566,52.913190177,-2.611629566,52.913290177
"785",-2.611729566,52.913090177,-2.611629566,52.913190177
"786",-2.611729566,52.912990177,-2.611629566,52.913090177
"787",-2.611729566,52.912890177,-2.611629566,52.912990177
"788",-2.611729566,52.912790177,-2.611629566,52.912890177
"789",-2.611729566,52.912690177,-2.611629566,52.912790177
"818",-2.611629566,52.914190177,-2.611529566,52.914290177
"819",-2.611629566,52.914090177,-2.611529566,52.914190177
"820",-2.611629566,52.913990177,-2.611529566,52.914090177
"821",-2.611629566,52.913890177,-2.611529566,52.913990177
"822",-2.611629566,52.913790177,-2.611529566,52.913890177
"823",-2.611629566,52.913690177,-2.611529566,52.913790177
"824",-2.611629566,52.913590177,-2.611529566,52.913690177
"825",-2.611629566,52.913490177,-2.611529566,52.913590177
"826",-2.611629566,52.913390177,-2.611529566,52.913490177
"827",-2.611629566,52.913290177,-2.611529566,52.913390177
"828",-2.611629566,52.913190177,-2.611529566,52.913290177
"829",-2.611629566,52.913090177,-2.611529566,52.913190177
"830",-2.611629566,52.912990177,-2.611529566,52.913090177
"831",-2.611629566,52.912890177,-2.611529566,52.912990177
"832",-2.611629566,52.912790177,-2.611529566,52.912890177
"833",-2.611629566,52.912690177,-2.611529566,52.912790177
"862",-2.611529566,52.914190177,-2.611429566,52.914290177
"863",-2.611529566,52.914090177,-2.611429566,52.914190177
"864",-2.611529566,52.913990177,-2.611429566,52.914090177
"865",-2.611529566,52.913890177,-2.611429566,52.913990177
"866",-2.611529566,52.913790177,-2.611429566,52.913890177
"867",-2.611529566,52.913690177,-2.611429566,52.913790177
"868",-2.611529566,52.913590177,-2.611429566,52.913690177
"869",-2.611529566,52.913490177,-2.611429566,52.913590177
"870",-2.611529566,52.913390177,-2.611429566,52.913490177
"871",-2.611529566,52.913290177,-2.611429566,52.913390177
"872",-2.611529566,52.913190177,-2.611429566,52.913290177
"873",-2.611529566,52.913090177,-2.611429566,52.913190177
"874",-2.611529566,52.912990177,-2.611429566,52.913090177
"875",-2.611529566,52.912890177,-2.611429566,52.912990177
"876",-2.611529566,52.912790177,-2.611429566,52.912890177
"877",-2.611529566,52.912690177,-2.611429566,52.912790177
"905",-2.611429566,52.914290177,-2.611329566,52.914390177
"906",-2.611429566,52.914190177,-2.611329566,52.914290177
"907",-2.611429566,52.914090177,-2.611329566,52.914190177
"908",-2.611429566,52.913990177,-2.611329566,52.914090177
"909",-2.611429566,52.913890177,-2.611329566,52.913990177
"910",-2.611429566,52.913790177,-2.611329566,52.913890177
"911",-2.611429566,52.913690177,-2.611329566,52.913790177
"912",-2.611429566,52.913590177,-2.611329566,52.913690177
"913",-2.611429566,52.913490177,-2.611329566,52.913590177
"914",-2.611429566,52.913390177,-2.611329566,52.913490177
"915",-2.611429566,52.913290177,-2.611329566,52.913390177
"916",-2.611429566,52.913190177,-2.611329566,52.913290177
"917",-2.611429566,52.913090177,-2.611329566,52.913190177
"918",-2.611429566,52.912990177,-2.611329566,52.913090177
"919",-2.611429566,52.912890177,-2.611329566,52.912990177
"920",-2.611429566,52.912790177,-2.611329566,52.912890177
"921",-2.611429566,52.912690177,-2.611329566,52.912790177
"949",-2.611329566,52.914290177,-2.611229566,52.914390177
"950",-2.611329566,52.914190177,-2.611229566,52.914290177
"951",-2.611329566,52.914090177,-2.611229566,52.914190177
"952",-2.611329566,52.913990177,-2.611229566,52.914090177
"953",-2.611329566,52.913890177,-2.611229566,52.913990177
"954",-2.611329566,52.913790177,-2.611229566,52.913890177
"955",-2.611329566,52.913690177,-2.611229566,52.913790177
"956",-2.611329566,52.913590177,-2.611229566,52.913690177
"957",-2.611329566,52.913490177,-2.611229566,52.913590177
"958",-2.611329566,52.913390177,-2.611229566,52.913490177
"959",-2.611329566,52.913290177,-2.611229566,52.913390177
"960",-2.611329566,52.913190177,-2.611229566,52.913290177
"961",-2.611329566,52.913090177,-2.611229566,52.913190177
"962",-2.611329566,52.912990177,-2.611229566,52.913090177
"963",-2.611329566,52.912890177,-2.611229566,52.912990177
"964",-2.611329566,52.912790177,-2.611229566,52.912890177
"992",-2.611229566,52.914390177,-2.611129566,52.914490177
"993",-2.611229566,52.914290177,-2.611129566,52.914390177
"994",-2.611229566,52.914190177,-2.611129566,52.914290177
"995",-2.611229566,52.914090177,-2.611129566,52.914190177
"996",-2.611229566,52.913990177,-2.611129566,52.914090177
"997",-2.611229566,52.913890177,-2.611129566,52.913990177
"998",-2.611229566,52.913790177,-2.611129566,52.913890177
"999",-2.611229566,52.913690177,-2.611129566,52.913790177
"1000",-2.611229566,52.913590177,-2.611129566,52.913690177
"1001",-2.611229566,52.913490177,-2.611129566,52.913590177
"1002",-2.611229566,52.913390177,-2.611129566,52.913490177
"1003",-2.611229566,52.913290177,-2.611129566,52.913390177
"1004",-2.611229566,52.913190177,-2.611129566,52.913290177
"1005",-2.611229566,52.913090177,-2.611129566,52.913190177
"1006",-2.611229566,52.912990177,-2.611129566,52.913090177
"1007",-2.611229566,52.912890177,-2.611129566,52.912990177
"1036",-2.611129566,52.914390177,-2.611029566,52.914490177
"1037",-2.611129566,52.914290177,-2.611029566,52.914390177
"1038",-2.611129566,52.914190177,-2.611029566,52.914290177
"1039",-2.611129566,52.914090177,-2.611029566,52.914190177
"1040",-2.611129566,52.913990177,-2.611029566,52.914090177
"1041",-2.611129566,52.913890177,-2.611029566,52.913990177
"1042",-2.611129566,52.913790177,-2.611029566,52.913890177
"1043",-2.611129566,52.913690177,-2.611029566,52.913790177
"1044",-2.611129566,52.913590177,-2.611029566,52.913690177
"1045",-2.611129566,52.913490177,-2.611029566,52.913590177
"1046",-2.611129566,52.913390177,-2.611029566,52.913490177
"1047",-2.611129566,52.913290177,-2.611029566,52.913390177
"1048",-2.611129566,52.913190177,-2.611029566,52.913290177
"1049",-2.611129566,52.913090177,-2.611029566,52.913190177
"1050",-2.611129566,52.912990177,-2.611029566,52.913090177
"1051",-2.611129566,52.912890177,-2.611029566,52.912990177
"1079",-2.611029566,52.914490177,-2.610929566,52.914590177
"1080",-2.611029566,52.914390177,-2.610929566,52.914490177
"1081",-2.611029566,52.914290177,-2.610929566,52.914390177
"1082",-2.611029566,52.914190177,-2.610929566,52.914290177
"1083",-2.611029566,52.914090177,-2.610929566,52.914190177
"1084",-2.611029566,52.913990177,-2.610929566,52.914090177
"1085",-2.611029566,52.913890177,-2.610929566,52.913990177
"1086",-2.611029566,52.913790177,-2.610929566,52.913890177
"1087",-2.611029566,52.913690177,-2.610929566,52.913790177
"1088",-2.611029566,52.913590177,-2.610929566,52.913690177
"1089",-2.611029566,52.913490177,-2.610929566,52.913590177
"1090",-2.611029566,52.913390177,-2.610929566,52.913490177
"1091",-2.611029566,52.913290177,-2.610929566,52.913390177
"1092",-2.611029566,52.913190177,-2.610929566,52.913290177
"1093",-2.611029566,52.913090177,-2.610929566,52.913190177
"1094",-2.611029566,52.912990177,-2.610929566,52.913090177
"1123",-2.610929566,52.914490177,-2.610829566,52.914590177
"1124",-2.610929566,52.914390177,-2.610829566,52.914490177
"1125",-2.610929566,52.914290177,-2.610829566,52.914390177
"1126",-2.610929566,52.914190177,-2.610829566,52.914290177
"1127",-2.610929566,52.914090177,-2.610829566,52.914190177
"1128",-2.610929566,52.913990177,-2.610829566,52.914090177
"1129",-2.610929566,52.913890177,-2.610829566,52.913990177
"1130",-2.610929566,52.913790177,-2.610829566,52.913890177
"1131",-2.610929566,52.913690177,-2.610829566,52.913790177
"1132",-2.610929566,52.913590177,-2.610829566,52.913690177
"1133",-2.610929566,52.913490177,-2.610829566,52.913590177
"1134",-2.610929566,52.913390177,-2.610829566,52.913490177
"1135",-2.610929566,52.913290177,-2.610829566,52.913390177
"1136",-2.610929566,52.913190177,-2.610829566,52.913290177
"1137",-2.610929566,52.913090177,-2.610829566,52.913190177
"1138",-2.610929566,52.912990177,-2.610829566,52.913090177
"1166",-2.610829566,52.914590177,-2.610729566,52.914690177
"1167",-2.610829566,52.914490177,-2.610729566,52.914590177
"1168",-2.610829566,52.914390177,-2.610729566,52.914490177
"1169",-2.610829566,52.914290177,-2.610729566,52.914390177
"1170",-2.610829566,52.914190177,-2.610729566,52.914290177
"1171",-2.610829566,52.914090177,-2.610729566,52.914190177
"1172",-2.610829566,52.913990177,-2.610729566,52.914090177
"1173",-2.610829566,52.913890177,-2.610729566,52.913990177
"1174",-2.610829566,52.913790177,-2.610729566,52.913890177
"1175",-2.610829566,52.913690177,-2.610729566,52.913790177
"1176",-2.610829566,52.913590177,-2.610729566,52.913690177
"1177",-2.610829566,52.913490177,-2.610729566,52.913590177
"1178",-2.610829566,52.913390177,-2.610729566,52.913490177
"1179",-2.610829566,52.913290177,-2.610729566,52.913390177
"1180",-2.610829566,52.913190177,-2.610729566,52.913290177
"1181",-2.610829566,52.913090177,-2.610729566,52.913190177
"1209",-2.610729566,52.914690177,-2.610629566,52.914790177
"1210",-2.610729566,52.914590177,-2.610629566,52.914690177
"1211",-2.610729566,52.914490177,-2.610629566,52.914590177
"1212",-2.610729566,52.914390177,-2.610629566,52.914490177
"1213",-2.610729566,52.914290177,-2.610629566,52.914390177
"1214",-2.610729566,52.914190177,-2.610629566,52.914290177
"1215",-2.610729566,52.914090177,-2.610629566,52.914190177
"1216",-2.610729566,52.913990177,-2.610629566,52.914090177
"1217",-2.610729566,52.913890177,-2.610629566,52.913990177
"1218",-2.610729566,52.913790177,-2.610629566,52.913890177
"1219",-2.610729566,52.913690177,-2.610629566,52.913790177
"1220",-2.610729566,52.913590177,-2.610629566,52.913690177
"1221",-2.610729566,52.913490177,-2.610629566,52.913590177
"1222",-2.610729566,52.913390177,-2.610629566,52.913490177
"1223",-2.610729566,52.913290177,-2.610629566,52.913390177
"1224",-2.610729566,52.913190177,-2.610629566,52.913290177
"1225",-2.610729566,52.913090177,-2.610629566,52.913190177
"1253",-2.610629566,52.914690177,-2.610529566,52.914790177
"1254",-2.610629566,52.914590177,-2.610529566,52.914690177
"1255",-2.610629566,52.914490177,-2.610529566,52.914590177
"1256",-2.610629566,52.914390177,-2.610529566,52.914490177
"1257",-2.610629566,52.914290177,-2.610529566,52.914390177
"1258",-2.610629566,52.914190177,-2.610529566,52.914290177
"1259",-2.610629566,52.914090177,-2.610529566,52.914190177
"1260",-2.610629566,52.913990177,-2.610529566,52.914090177
"1261",-2.610629566,52.913890177,-2.610529566,52.913990177
"1262",-2.610629566,52.913790177,-2.610529566,52.913890177
"1263",-2.610629566,52.913690177,-2.610529566,52.913790177
"1264",-2.610629566,52.913590177,-2.610529566,52.913690177
"1265",-2.610629566,52.913490177,-2.610529566,52.913590177
"1266",-2.610629566,52.913390177,-2.610529566,52.913490177
"1267",-2.610629566,52.913290177,-2.610529566,52.913390177
"1268",-2.610629566,52.913190177,-2.610529566,52.913290177
"1298",-2.610529566,52.914590177,-2.610429566,52.914690177
"1299",-2.610529566,52.914490177,-2.610429566,52.914590177
"1300",-2.610529566,52.914390177,-2.610429566,52.914490177
"1301",-2.610529566,52.914290177,-2.610429566,52.914390177
"1302",-2.610529566,52.914190177,-2.610429566,52.914290177
"1303",-2.610529566,52.914090177,-2.610429566,52.914190177
"1304",-2.610529566,52.913990177,-2.610429566,52.914090177
"1305",-2.610529566,52.913890177,-2.610429566,52.913990177
"1306",-2.610529566,52.913790177,-2.610429566,52.913890177
"1307",-2.610529566,52.913690177,-2.610429566,52.913790177
"1308",-2.610529566,52.913590177,-2.610429566,52.913690177
"1309",-2.610529566,52.913490177,-2.610429566,52.913590177
"1310",-2.610529566,52.913390177,-2.610429566,52.913490177
"1311",-2.610529566,52.913290177,-2.610429566,52.913390177
"1342",-2.610429566,52.914590177,-2.610329566,52.914690177
"1343",-2.610429566,52.914490177,-2.610329566,52.914590177
"1344",-2.610429566,52.914390177,-2.610329566,52.914490177
"1345",-2.610429566,52.914290177,-2.610329566,52.914390177
"1346",-2.610429566,52.914190177,-2.610329566,52.914290177
"1347",-2.610429566,52.914090177,-2.610329566,52.914190177
"1348",-2.610429566,52.913990177,-2.610329566,52.914090177
"1349",-2.610429566,52.913890177,-2.610329566,52.913990177
"1350",-2.610429566,52.913790177,-2.610329566,52.913890177
"1351",-2.610429566,52.913690177,-2.610329566,52.913790177
"1352",-2.610429566,52.913590177,-2.610329566,52.913690177
"1353",-2.610429566,52.913490177,-2.610329566,52.913590177
"1354",-2.610429566,52.913390177,-2.610329566,52.913490177
"1355",-2.610429566,52.913290177,-2.610329566,52.913390177
"1386",-2.610329566,52.914590177,-2.610229566,52.914690177
"1387",-2.610329566,52.914490177,-2.610229566,52.914590177
"1388",-2.610329566,52.914390177,-2.610229566,52.914490177
"1389",-2.610329566,52.914290177,-2.610229566,52.914390177
"1390",-2.610329566,52.914190177,-2.610229566,52.914290177
"1391",-2.610329566,52.914090177,-2.610229566,52.914190177
"1392",-2.610329566,52.913990177,-2.610229566,52.914090177
"1393",-2.610329566,52.913890177,-2.610229566,52.913990177
"1394",-2.610329566,52.913790177,-2.610229566,52.913890177
"1395",-2.610329566,52.913690177,-2.610229566,52.913790177
"1396",-2.610329566,52.913590177,-2.610229566,52.913690177
"1397",-2.610329566,52.913490177,-2.610229566,52.913590177
"1398",-2.610329566,52.913390177,-2.610229566,52.913490177
"1429",-2.610229566,52.914690177,-2.610129566,52.914790177
"1430",-2.610229566,52.914590177,-2.610129566,52.914690177
"1431",-2.610229566,52.914490177,-2.610129566,52.914590177
"1432",-2.610229566,52.914390177,-2.610129566,52.914490177
"1433",-2.610229566,52.914290177,-2.610129566,52.914390177
"1434",-2.610229566,52.914190177,-2.610129566,52.914290177
"1435",-2.610229566,52.914090177,-2.610129566,52.914190177
"1436",-2.610229566,52.913990177,-2.610129566,52.914090177
"1437",-2.610229566,52.913890177,-2.610129566,52.913990177
"1438",-2.610229566,52.913790177,-2.610129566,52.913890177
"1439",-2.610229566,52.913690177,-2.610129566,52.913790177
"1440",-2.610229566,52.913590177,-2.610129566,52.913690177
"1441",-2.610229566,52.913490177,-2.610129566,52.913590177
"1442",-2.610229566,52.913390177,-2.610129566,52.913490177
"1473",-2.610129566,52.914690177,-2.610029566,52.914790177
"1474",-2.610129566,52.914590177,-2.610029566,52.914690177
"1475",-2.610129566,52.914490177,-2.610029566,52.914590177
"1476",-2.610129566,52.914390177,-2.610029566,52.914490177
"1477",-2.610129566,52.914290177,-2.610029566,52.914390177
"1478",-2.610129566,52.914190177,-2.610029566,52.914290177
"1479",-2.610129566,52.914090177,-2.610029566,52.914190177
"1480",-2.610129566,52.913990177,-2.610029566,52.914090177
"1481",-2.610129566,52.913890177,-2.610029566,52.913990177
"1482",-2.610129566,52.913790177,-2.610029566,52.913890177
"1483",-2.610129566,52.913690177,-2.610029566,52.913790177
"1484",-2.610129566,52.913590177,-2.610029566,52.913690177
"1485",-2.610129566,52.913490177,-2.610029566,52.913590177
"1517",-2.610029566,52.914690177,-2.609929566,52.914790177
"1518",-2.610029566,52.914590177,-2.609929566,52.914690177
"1519",-2.610029566,52.914490177,-2.609929566,52.914590177
"1520",-2.610029566,52.914390177,-2.609929566,52.914490177
"1521",-2.610029566,52.914290177,-2.609929566,52.914390177
"1522",-2.610029566,52.914190177,-2.609929566,52.914290177
"1523",-2.610029566,52.914090177,-2.609929566,52.914190177
"1524",-2.610029566,52.913990177,-2.609929566,52.914090177
"1525",-2.610029566,52.913890177,-2.609929566,52.913990177
"1526",-2.610029566,52.913790177,-2.609929566,52.913890177
"1527",-2.610029566,52.913690177,-2.609929566,52.913790177
"1528",-2.610029566,52.913590177,-2.609929566,52.913690177
"1529",-2.610029566,52.913490177,-2.609929566,52.913590177
"1561",-2.609929566,52.914690177,-2.609829566,52.914790177
"1562",-2.609929566,52.914590177,-2.609829566,52.914690177
"1563",-2.609929566,52.914490177,-2.609829566,52.914590177
"1564",-2.609929566,52.914390177,-2.609829566,52.914490177
"1565",-2.609929566,52.914290177,-2.609829566,52.914390177
"1566",-2.609929566,52.914190177,-2.609829566,52.914290177
"1567",-2.609929566,52.914090177,-2.609829566,52.914190177
"1568",-2.609929566,52.913990177,-2.609829566,52.914090177
"1569",-2.609929566,52.913890177,-2.609829566,52.913990177
"1570",-2.609929566,52.913790177,-2.609829566,52.913890177
"1571",-2.609929566,52.913690177,-2.609829566,52.913790177
"1572",-2.609929566,52.913590177,-2.609829566,52.913690177
"1605",-2.609829566,52.914690177,-2.609729566,52.914790177
"1606",-2.609829566,52.914590177,-2.609729566,52.914690177
"1607",-2.609829566,52.914490177,-2.609729566,52.914590177
"1608",-2.609829566,52.914390177,-2.609729566,52.914490177
"1609",-2.609829566,52.914290177,-2.609729566,52.914390177
"1610",-2.609829566,52.914190177,-2.609729566,52.914290177
"1611",-2.609829566,52.914090177,-2.609729566,52.914190177
"1612",-2.609829566,52.913990177,-2.609729566,52.914090177
"1613",-2.609829566,52.913890177,-2.609729566,52.913990177
"1614",-2.609829566,52.913790177,-2.609729566,52.913890177
"1615",-2.609829566,52.913690177,-2.609729566,52.913790177
"1616",-2.609829566,52.913590177,-2.609729566,52.913690177
"1649",-2.609729566,52.914690177,-2.609629566,52.914790177
"1650",-2.609729566,52.914590177,-2.609629566,52.914690177
"1651",-2.609729566,52.914490177,-2.609629566,52.914590177
"1652",-2.609729566,52.914390177,-2.609629566,52.914490177
"1653",-2.609729566,52.914290177,-2.609629566,52.914390177
"1654",-2.609729566,52.914190177,-2.609629566,52.914290177
"1655",-2.609729566,52.914090177,-2.609629566,52.914190177
"1656",-2.609729566,52.913990177,-2.609629566,52.914090177
"1657",-2.609729566,52.913890177,-2.609629566,52.913990177
"1658",-2.609729566,52.913790177,-2.609629566,52.913890177
"1659",-2.609729566,52.913690177,-2.609629566,52.913790177
"1693",-2.609629566,52.914690177,-2.609529566,52.914790177
"1694",-2.609629566,52.914590177,-2.609529566,52.914690177
"1695",-2.609629566,52.914490177,-2.609529566,52.914590177
"1696",-2.609629566,52.914390177,-2.609529566,52.914490177
"1697",-2.609629566,52.914290177,-2.609529566,52.914390177
"1698",-2.609629566,52.914190177,-2.609529566,52.914290177
"1699",-2.609629566,52.914090177,-2.609529566,52.914190177
"1700",-2.609629566,52.913990177,-2.609529566,52.914090177
"1701",-2.609629566,52.913890177,-2.609529566,52.913990177
"1702",-2.609629566,52.913790177,-2.609529566,52.913890177
"1703",-2.609629566,52.913690177,-2.609529566,52.913790177
"1737",-2.609529566,52.914690177,-2.609429566,52.914790177
"1738",-2.609529566,52.914590177,-2.609429566,52.914690177
"1739",-2.609529566,52.914490177,-2.609429566,52.914590177
"1740",-2.609529566,52.914390177,-2.609429566,52.914490177
"1741",-2.609529566,52.914290177,-2.609429566,52.914390177
"1742",-2.609529566,52.914190177,-2.609429566,52.914290177
"1743",-2.609529566,52.914090177,-2.609429566,52.914190177
"1744",-2.609529566,52.913990177,-2.609429566,52.914090177
"1745",-2.609529566,52.913890177,-2.609429566,52.913990177
"1746",-2.609529566,52.913790177,-2.609429566,52.913890177
"1781",-2.609429566,52.914690177,-2.609329566,52.914790177
"1782",-2.609429566,52.914590177,-2.609329566,52.914690177
"1783",-2.609429566,52.914490177,-2.609329566,52.914590177
"1784",-2.609429566,52.914390177,-2.609329566,52.914490177
"1785",-2.609429566,52.914290177,-2.609329566,52.914390177
"1786",-2.609429566,52.914190177,-2.609329566,52.914290177
"1787",-2.609429566,52.914090177,-2.609329566,52.914190177
"1788",-2.609429566,52.913990177,-2.609329566,52.914090177
"1789",-2.609429566,52.913890177,-2.609329566,52.913990177
"1790",-2.609429566,52.913790177,-2.609329566,52.913890177
"1825",-2.609329566,52.914690177,-2.609229566,52.914790177
"1826",-2.609329566,52.914590177,-2.609229566,52.914690177
"1827",-2.609329566,52.914490177,-2.609229566,52.914590177
"1828",-2.609329566,52.914390177,-2.609229566,52.914490177
"1829",-2.609329566,52.914290177,-2.609229566,52.914390177
"1830",-2.609329566,52.914190177,-2.609229566,52.914290177
"1831",-2.609329566,52.914090177,-2.609229566,52.914190177
"1832",-2.609329566,52.913990177,-2.609229566,52.914090177
"1833",-2.609329566,52.913890177,-2.609229566,52.913990177
"1869",-2.609229566,52.914690177,-2.609129566,52.914790177
"1870",-2.609229566,52.914590177,-2.609129566,52.914690177
"1871",-2.609229566,52.914490177,-2.609129566,52.914590177
"1872",-2.609229566,52.914390177,-2.609129566,52.914490177
"1873",-2.609229566,52.914290177,-2.609129566,52.914390177
"1874",-2.609229566,52.914190177,-2.609129566,52.914290177
"1875",-2.609229566,52.914090177,-2.609129566,52.914190177
"1876",-2.609229566,52.913990177,-2.609129566,52.914090177
"1877",-2.609229566,52.913890177,-2.609129566,52.913990177
"1913",-2.609129566,52.914690177,-2.609029566,52.914790177
"1914",-2.609129566,52.914590177,-2.609029566,52.914690177
"1915",-2.609129566,52.914490177,-2.609029566,52.914590177
"1916",-2.609129566,52.914390177,-2.609029566,52.914490177
"1917",-2.609129566,52.914290177,-2.609029566,52.914390177
"1918",-2.609129566,52.914190177,-2.609029566,52.914290177
"1919",-2.609129566,52.914090177,-2.609029566,52.914190177
"1920",-2.609129566,52.913990177,-2.609029566,52.914090177
"1957",-2.609029566,52.914690177,-2.608929566,52.914790177
"1958",-2.609029566,52.914590177,-2.608929566,52.914690177
"1959",-2.609029566,52.914490177,-2.608929566,52.914590177
"1960",-2.609029566,52.914390177,-2.608929566,52.914490177
"1961",-2.609029566,52.914290177,-2.608929566,52.914390177
"1962",-2.609029566,52.914190177,-2.608929566,52.914290177
"1963",-2.609029566,52.914090177,-2.608929566,52.914190177
"1964",-2.609029566,52.913990177,-2.608929566,52.914090177
"2001",-2.608929566,52.914690177,-2.608829566,52.914790177
"2002",-2.608929566,52.914590177,-2.608829566,52.914690177
"2003",-2.608929566,52.914490177,-2.608829566,52.914590177
"2004",-2.608929566,52.914390177,-2.608829566,52.914490177
"2005",-2.608929566,52.914290177,-2.608829566,52.914390177
"2006",-2.608929566,52.914190177,-2.608829566,52.914290177
"2007",-2.608929566,52.914090177,-2.608829566,52.914190177
"2045",-2.608829566,52.914690177,-2.608729566,52.914790177
"2046",-2.608829566,52.914590177,-2.608729566,52.914690177
"2047",-2.608829566,52.914490177,-2.608729566,52.914590177
"2048",-2.608829566,52.914390177,-2.608729566,52.914490177
"2049",-2.608829566,52.914290177,-2.608729566,52.914390177
"2050",-2.608829566,52.914190177,-2.608729566,52.914290177
"2051",-2.608829566,52.914090177,-2.608729566,52.914190177
"2089",-2.608729566,52.914690177,-2.608629566,52.914790177
"2090",-2.608729566,52.914590177,-2.608629566,52.914690177
"2091",-2.608729566,52.914490177,-2.608629566,52.914590177
"2092",-2.608729566,52.914390177,-2.608629566,52.914490177
"2093",-2.608729566,52.914290177,-2.608629566,52.914390177
"2094",-2.608729566,52.914190177,-2.608629566,52.914290177
"2095",-2.608729566,52.914090177,-2.608629566,52.914190177
"2133",-2.608629566,52.914690177,-2.608529566,52.914790177
"2134",-2.608629566,52.914590177,-2.608529566,52.914690177
"2135",-2.608629566,52.914490177,-2.608529566,52.914590177
"2136",-2.608629566,52.914390177,-2.608529566,52.914490177
"2137",-2.608629566,52.914290177,-2.608529566,52.914390177
"2138",-2.608629566,52.914190177,-2.608529566,52.914290177
"2177",-2.608529566,52.914690177,-2.608429566,52.914790177
"2178",-2.608529566,52.914590177,-2.608429566,52.914690177
"2179",-2.608529566,52.914490177,-2.608429566,52.914590177
"2180",-2.608529566,52.914390177,-2.608429566,52.914490177
"2181",-2.608529566,52.914290177,-2.608429566,52.914390177
"2182",-2.608529566,52.914190177,-2.608429566,52.914290177
"2221",-2.608429566,52.914690177,-2.608329566,52.914790177
"2222",-2.608429566,52.914590177,-2.608329566,52.914690177
"2223",-2.608429566,52.914490177,-2.608329566,52.914590177
"2224",-2.608429566,52.914390177,-2.608329566,52.914490177
"2225",-2.608429566,52.914290177,-2.608329566,52.914390177
"2265",-2.608329566,52.914690177,-2.608229566,52.914790177
"2266",-2.608329566,52.914590177,-2.608229566,52.914690177
"2267",-2.608329566,52.914490177,-2.608229566,52.914590177
"2268",-2.608329566,52.914390177,-2.608229566,52.914490177
"2269",-2.608329566,52.914290177,-2.608229566,52.914390177
"2309",-2.608229566,52.914690177,-2.608129566,52.914790177
"2310",-2.608229566,52.914590177,-2.608129566,52.914690177
"2311",-2.608229566,52.914490177,-2.608129566,52.914590177
"2312",-2.608229566,52.914390177,-2.608129566,52.914490177
"2313",-2.608229566,52.914290177,-2.608129566,52.914390177
"2353",-2.608129566,52.914690177,-2.608029566,52.914790177
"2354",-2.608129566,52.914590177,-2.608029566,52.914690177
"2355",-2.608129566,52.914490177,-2.608029566,52.914590177
"2356",-2.608129566,52.914390177,-2.608029566,52.914490177
"472",-2.612429566,52.913590177,-2.612329566,52.913690177
"473",-2.612429566,52.913490177,-2.612329566,52.913590177
"474",-2.612429566,52.913390177,-2.612329566,52.913490177
"475",-2.612429566,52.913290177,-2.612329566,52.913390177
"476",-2.612429566,52.913190177,-2.612329566,52.913290177
"477",-2.612429566,52.913090177,-2.612329566,52.913190177
"478",-2.612429566,52.912990177,-2.612329566,52.913090177
"479",-2.612429566,52.912890177,-2.612329566,52.912990177
"480",-2.612429566,52.912790177,-2.612329566,52.912890177
"515",-2.612329566,52.913690177,-2.612229566,52.913790177
"516",-2.612329566,52.913590177,-2.612229566,52.913690177
"517",-2.612329566,52.913490177,-2.612229566,52.913590177
"518",-2.612329566,52.913390177,-2.612229566,52.913490177
"519",-2.612329566,52.913290177,-2.612229566,52.913390177
"520",-2.612329566,52.913190177,-2.612229566,52.913290177
"521",-2.612329566,52.913090177,-2.612229566,52.913190177
"522",-2.612329566,52.912990177,-2.612229566,52.913090177
"523",-2.612329566,52.912890177,-2.612229566,52.912990177
"524",-2.612329566,52.912790177,-2.612229566,52.912890177
"558",-2.612229566,52.913790177,-2.612129566,52.913890177
"559",-2.612229566,52.913690177,-2.612129566,52.913790177
"560",-2.612229566,52.913590177,-2.612129566,52.913690177
"561",-2.612229566,52.913490177,-2.612129566,52.913590177
"562",-2.612229566,52.913390177,-2.612129566,52.913490177
"563",-2.612229566,52.913290177,-2.612129566,52.913390177
"564",-2.612229566,52.913190177,-2.612129566,52.913290177
"565",-2.612229566,52.913090177,-2.612129566,52.913190177
"566",-2.612229566,52.912990177,-2.612129566,52.913090177
"567",-2.612229566,52.912890177,-2.612129566,52.912990177
"568",-2.612229566,52.912790177,-2.612129566,52.912890177
"1472",-2.610129566,52.914790177,-2.610029566,52.914890177
"1516",-2.610029566,52.914790177,-2.609929566,52.914890177
"1560",-2.609929566,52.914790177,-2.609829566,52.914890177
"1604",-2.609829566,52.914790177,-2.609729566,52.914890177
"1648",-2.609729566,52.914790177,-2.609629566,52.914890177
"1692",-2.609629566,52.914790177,-2.609529566,52.914890177
"1736",-2.609529566,52.914790177,-2.609429566,52.914890177
"1780",-2.609429566,52.914790177,-2.609329566,52.914890177
"1824",-2.609329566,52.914790177,-2.609229566,52.914890177
"1868",-2.609229566,52.914790177,-2.609129566,52.914890177
"1912",-2.609129566,52.914790177,-2.609029566,52.914890177
"1956",-2.609029566,52.914790177,-2.608929566,52.914890177
"2000",-2.608929566,52.914790177,-2.608829566,52.914890177
"2044",-2.608829566,52.914790177,-2.608729566,52.914890177
"2088",-2.608729566,52.914790177,-2.608629566,52.914890177
"2132",-2.608629566,52.914790177,-2.608529566,52.914890177
"2176",-2.608529566,52.914790177,-2.608429566,52.914890177
"2220",-2.608429566,52.914790177,-2.608329566,52.914890177
"2264",-2.608329566,52.914790177,-2.608229566,52.914890177
"342",-2.612729566,52.913390177,-2.612629566,52.913490177
"343",-2.612729566,52.913290177,-2.612629566,52.913390177
"344",-2.612729566,52.913190177,-2.612629566,52.913290177
"345",-2.612729566,52.913090177,-2.612629566,52.913190177
"346",-2.612729566,52.912990177,-2.612629566,52.913090177
"385",-2.612629566,52.913490177,-2.612529566,52.913590177
"386",-2.612629566,52.913390177,-2.612529566,52.913490177
"387",-2.612629566,52.913290177,-2.612529566,52.913390177
"388",-2.612629566,52.913190177,-2.612529566,52.913290177
"389",-2.612629566,52.913090177,-2.612529566,52.913190177
"390",-2.612629566,52.912990177,-2.612529566,52.913090177
"428",-2.612529566,52.913590177,-2.612429566,52.913690177
"429",-2.612529566,52.913490177,-2.612429566,52.913590177
"430",-2.612529566,52.913390177,-2.612429566,52.913490177
"431",-2.612529566,52.913290177,-2.612429566,52.913390177
"432",-2.612529566,52.913190177,-2.612429566,52.913290177
"433",-2.612529566,52.913090177,-2.612429566,52.913190177
"434",-2.612529566,52.912990177,-2.612429566,52.913090177
"1515",-2.610029566,52.914890177,-2.609929566,52.914990177
"1559",-2.609929566,52.914890177,-2.609829566,52.914990177
"1602",-2.609829566,52.914990177,-2.609729566,52.915090177
"1603",-2.609829566,52.914890177,-2.609729566,52.914990177
"1646",-2.609729566,52.914990177,-2.609629566,52.915090177
"1647",-2.609729566,52.914890177,-2.609629566,52.914990177
"1690",-2.609629566,52.914990177,-2.609529566,52.915090177
"1691",-2.609629566,52.914890177,-2.609529566,52.914990177
"1734",-2.609529566,52.914990177,-2.609429566,52.915090177
"1735",-2.609529566,52.914890177,-2.609429566,52.914990177
"1778",-2.609429566,52.914990177,-2.609329566,52.915090177
"1779",-2.609429566,52.914890177,-2.609329566,52.914990177
"1822",-2.609329566,52.914990177,-2.609229566,52.915090177
"1823",-2.609329566,52.914890177,-2.609229566,52.914990177
"1866",-2.609229566,52.914990177,-2.609129566,52.915090177
"1867",-2.609229566,52.914890177,-2.609129566,52.914990177
"1910",-2.609129566,52.914990177,-2.609029566,52.915090177
"1911",-2.609129566,52.914890177,-2.609029566,52.914990177
"1954",-2.609029566,52.914990177,-2.608929566,52.915090177
"1955",-2.609029566,52.914890177,-2.608929566,52.914990177
"1998",-2.608929566,52.914990177,-2.608829566,52.915090177
"1999",-2.608929566,52.914890177,-2.608829566,52.914990177
"2042",-2.608829566,52.914990177,-2.608729566,52.915090177
"2043",-2.608829566,52.914890177,-2.608729566,52.914990177
"2086",-2.608729566,52.914990177,-2.608629566,52.915090177
"2087",-2.608729566,52.914890177,-2.608629566,52.914990177
"2130",-2.608629566,52.914990177,-2.608529566,52.915090177
"2131",-2.608629566,52.914890177,-2.608529566,52.914990177
"255",-2.612929566,52.913290177,-2.612829566,52.913390177
"256",-2.612929566,52.913190177,-2.612829566,52.913290177
"298",-2.612829566,52.913390177,-2.612729566,52.913490177
"299",-2.612829566,52.913290177,-2.612729566,52.913390177
"300",-2.612829566,52.913190177,-2.612729566,52.913290177
"1689",-2.609629566,52.915090177,-2.609529566,52.915190177
"1733",-2.609529566,52.915090177,-2.609429566,52.915190177
"1776",-2.609429566,52.915190177,-2.609329566,52.915290177
"1777",-2.609429566,52.915090177,-2.609329566,52.915190177
"1820",-2.609329566,52.915190177,-2.609229566,52.915290177
"1821",-2.609329566,52.915090177,-2.609229566,52.915190177
"1864",-2.609229566,52.915190177,-2.609129566,52.915290177
"1865",-2.609229566,52.915090177,-2.609129566,52.915190177
"1908",-2.609129566,52.915190177,-2.609029566,52.915290177
"1909",-2.609129566,52.915090177,-2.609029566,52.915190177
"1952",-2.609029566,52.915190177,-2.608929566,52.915290177
"1953",-2.609029566,52.915090177,-2.608929566,52.915190177
"1996",-2.608929566,52.915190177,-2.608829566,52.915290177
"1997",-2.608929566,52.915090177,-2.608829566,52.915190177
"2040",-2.608829566,52.915190177,-2.608729566,52.915290177
"2041",-2.608829566,52.915090177,-2.608729566,52.915190177
"2255",-2.608329566,52.915690177,-2.608229566,52.915790177
"2256",-2.608329566,52.915590177,-2.608229566,52.915690177
"2257",-2.608329566,52.915490177,-2.608229566,52.915590177
"2260",-2.608329566,52.915190177,-2.608229566,52.915290177
"2261",-2.608329566,52.915090177,-2.608229566,52.915190177
"2262",-2.608329566,52.914990177,-2.608229566,52.915090177
"2263",-2.608329566,52.914890177,-2.608229566,52.914990177
"2299",-2.608229566,52.915690177,-2.608129566,52.915790177
"2300",-2.608229566,52.915590177,-2.608129566,52.915690177
"2301",-2.608229566,52.915490177,-2.608129566,52.915590177
"2304",-2.608229566,52.915190177,-2.608129566,52.915290177
"2306",-2.608229566,52.914990177,-2.608129566,52.915090177
"2307",-2.608229566,52.914890177,-2.608129566,52.914990177
"2308",-2.608229566,52.914790177,-2.608129566,52.914890177
"2343",-2.608129566,52.915690177,-2.608029566,52.915790177
"2344",-2.608129566,52.915590177,-2.608029566,52.915690177
"2345",-2.608129566,52.915490177,-2.608029566,52.915590177
"2347",-2.608129566,52.915290177,-2.608029566,52.915390177
"2348",-2.608129566,52.915190177,-2.608029566,52.915290177
"2349",-2.608129566,52.915090177,-2.608029566,52.915190177
"2351",-2.608129566,52.914890177,-2.608029566,52.914990177
"2352",-2.608129566,52.914790177,-2.608029566,52.914890177
"2386",-2.608029566,52.915790177,-2.607929566,52.915890177
"2387",-2.608029566,52.915690177,-2.607929566,52.915790177
"2388",-2.608029566,52.915590177,-2.607929566,52.915690177
"2389",-2.608029566,52.915490177,-2.607929566,52.915590177
"2391",-2.608029566,52.915290177,-2.607929566,52.915390177
"2392",-2.608029566,52.915190177,-2.607929566,52.915290177
"2393",-2.608029566,52.915090177,-2.607929566,52.915190177
"2394",-2.608029566,52.914990177,-2.607929566,52.915090177
"2396",-2.608029566,52.914790177,-2.607929566,52.914890177
"2397",-2.608029566,52.914690177,-2.607929566,52.914790177
"2398",-2.608029566,52.914590177,-2.607929566,52.914690177
"2430",-2.607929566,52.915790177,-2.607829566,52.915890177
"2431",-2.607929566,52.915690177,-2.607829566,52.915790177
"2432",-2.607929566,52.915590177,-2.607829566,52.915690177
"2433",-2.607929566,52.915490177,-2.607829566,52.915590177
"2434",-2.607929566,52.915390177,-2.607829566,52.915490177
"2435",-2.607929566,52.915290177,-2.607829566,52.915390177
"2436",-2.607929566,52.915190177,-2.607829566,52.915290177
"2437",-2.607929566,52.915090177,-2.607829566,52.915190177
"2438",-2.607929566,52.914990177,-2.607829566,52.915090177
"2439",-2.607929566,52.914890177,-2.607829566,52.914990177
"2440",-2.607929566,52.914790177,-2.607829566,52.914890177
"2441",-2.607929566,52.914690177,-2.607829566,52.914790177
"2442",-2.607929566,52.914590177,-2.607829566,52.914690177
"2483",-2.607829566,52.914890177,-2.607729566,52.914990177
"2485",-2.607829566,52.914690177,-2.607729566,52.914790177
"2486",-2.607829566,52.914590177,-2.607729566,52.914690177
"2527",-2.607729566,52.914890177,-2.607629566,52.914990177
"2528",-2.607729566,52.914790177,-2.607629566,52.914890177
"2530",-2.607729566,52.914590177,-2.607629566,52.914690177
"2572",-2.607629566,52.914790177,-2.607529566,52.914890177
"2573",-2.607629566,52.914690177,-2.607529566,52.914790177
"2616",-2.607529566,52.914790177,-2.607429566,52.914890177
"2617",-2.607529566,52.914690177,-2.607429566,52.914790177
"2662",-2.607429566,52.914590177,-2.607329566,52.914690177
"3434",-2.605629566,52.916590177,-2.605529566,52.916690177
"3478",-2.605529566,52.916590177,-2.605429566,52.916690177
"3479",-2.605529566,52.916490177,-2.605429566,52.916590177
"3480",-2.605529566,52.916390177,-2.605429566,52.916490177
"3522",-2.605429566,52.916590177,-2.605329566,52.916690177
"3523",-2.605429566,52.916490177,-2.605329566,52.916590177
"3524",-2.605429566,52.916390177,-2.605329566,52.916490177
"3567",-2.605329566,52.916490177,-2.605229566,52.916590177
"3568",-2.605329566,52.916390177,-2.605229566,52.916490177
"3569",-2.605329566,52.916290177,-2.605229566,52.916390177
"3570",-2.605329566,52.916190177,-2.605229566,52.916290177
"3612",-2.605229566,52.916390177,-2.605129566,52.916490177
"3613",-2.605229566,52.916290177,-2.605129566,52.916390177
"3614",-2.605229566,52.916190177,-2.605129566,52.916290177
"3657",-2.605129566,52.916290177,-2.605029566,52.916390177
"3658",-2.605129566,52.916190177,-2.605029566,52.916290177
"3659",-2.605129566,52.916090177,-2.605029566,52.916190177
"3701",-2.605029566,52.916290177,-2.604929566,52.916390177
"3702",-2.605029566,52.916190177,-2.604929566,52.916290177
"3703",-2.605029566,52.916090177,-2.604929566,52.916190177
"3704",-2.605029566,52.915990177,-2.604929566,52.916090177
"3705",-2.605029566,52.915890177,-2.604929566,52.915990177
"3747",-2.604929566,52.916090177,-2.604829566,52.916190177
"3748",-2.604929566,52.915990177,-2.604829566,52.916090177
"3749",-2.604929566,52.915890177,-2.604829566,52.915990177
"3792",-2.604829566,52.915990177,-2.604729566,52.916090177
"3793",-2.604829566,52.915890177,-2.604729566,52.915990177
"3794",-2.604829566,52.915790177,-2.604729566,52.915890177
"3795",-2.604829566,52.915690177,-2.604729566,52.915790177
"3837",-2.604729566,52.915890177,-2.604629566,52.915990177
"3838",-2.604729566,52.915790177,-2.604629566,52.915890177
"3839",-2.604729566,52.915690177,-2.604629566,52.915790177
"3882",-2.604629566,52.915790177,-2.604529566,52.915890177
"3883",-2.604629566,52.915690177,-2.604529566,52.915790177
"3884",-2.604629566,52.915590177,-2.604529566,52.915690177
"3885",-2.604629566,52.915490177,-2.604529566,52.915590177
"3927",-2.604529566,52.915690177,-2.604429566,52.915790177
"3928",-2.604529566,52.915590177,-2.604429566,52.915690177
"3929",-2.604529566,52.915490177,-2.604429566,52.915590177
"3972",-2.604429566,52.915590177,-2.604329566,52.915690177
"81",-2.613329566,52.913090177,-2.613229566,52.913190177
"124",-2.613229566,52.913190177,-2.613129566,52.913290177
"125",-2.613229566,52.913090177,-2.613129566,52.913190177
"168",-2.613129566,52.913190177,-2.613029566,52.913290177
"169",-2.613129566,52.913090177,-2.613029566,52.913190177
"170",-2.613129566,52.912990177,-2.613029566,52.913090177
"211",-2.613029566,52.913290177,-2.612929566,52.913390177
"212",-2.613029566,52.913190177,-2.612929566,52.913290177
"213",-2.613029566,52.913090177,-2.612929566,52.913190177
"214",-2.613029566,52.912990177,-2.612929566,52.913090177
"215",-2.613029566,52.912890177,-2.612929566,52.912990177
"257",-2.612929566,52.913090177,-2.612829566,52.913190177
"258",-2.612929566,52.912990177,-2.612829566,52.913090177
"259",-2.612929566,52.912890177,-2.612829566,52.912990177
"301",-2.612829566,52.913090177,-2.612729566,52.913190177
"302",-2.612829566,52.912990177,-2.612729566,52.913090177
"303",-2.612829566,52.912890177,-2.612729566,52.912990177
"304",-2.612829566,52.912790177,-2.612729566,52.912890177
"347",-2.612729566,52.912890177,-2.612629566,52.912990177
"348",-2.612729566,52.912790177,-2.612629566,52.912890177
"349",-2.612729566,52.912690177,-2.612629566,52.912790177
"391",-2.612629566,52.912890177,-2.612529566,52.912990177
"392",-2.612629566,52.912790177,-2.612529566,52.912890177
"393",-2.612629566,52.912690177,-2.612529566,52.912790177
"435",-2.612529566,52.912890177,-2.612429566,52.912990177
"436",-2.612529566,52.912790177,-2.612429566,52.912890177
"437",-2.612529566,52.912690177,-2.612429566,52.912790177
"438",-2.612529566,52.912590177,-2.612429566,52.912690177
"481",-2.612429566,52.912690177,-2.612329566,52.912790177
"482",-2.612429566,52.912590177,-2.612329566,52.912690177
"483",-2.612429566,52.912490177,-2.612329566,52.912590177
"525",-2.612329566,52.912690177,-2.612229566,52.912790177
"526",-2.612329566,52.912590177,-2.612229566,52.912690177
"527",-2.612329566,52.912490177,-2.612229566,52.912590177
"569",-2.612229566,52.912690177,-2.612129566,52.912790177
"570",-2.612229566,52.912590177,-2.612129566,52.912690177
"571",-2.612229566,52.912490177,-2.612129566,52.912590177
"572",-2.612229566,52.912390177,-2.612129566,52.912490177
"614",-2.612129566,52.912590177,-2.612029566,52.912690177
"615",-2.612129566,52.912490177,-2.612029566,52.912590177
"616",-2.612129566,52.912390177,-2.612029566,52.912490177
"658",-2.612029566,52.912590177,-2.611929566,52.912690177
"659",-2.612029566,52.912490177,-2.611929566,52.912590177
"660",-2.612029566,52.912390177,-2.611929566,52.912490177
"702",-2.611929566,52.912590177,-2.611829566,52.912690177
"703",-2.611929566,52.912490177,-2.611829566,52.912590177
"704",-2.611929566,52.912390177,-2.611829566,52.912490177
"746",-2.611829566,52.912590177,-2.611729566,52.912690177
"747",-2.611829566,52.912490177,-2.611729566,52.912590177
"790",-2.611729566,52.912590177,-2.611629566,52.912690177
"791",-2.611729566,52.912490177,-2.611629566,52.912590177
"834",-2.611629566,52.912590177,-2.611529566,52.912690177
"1907",-2.609129566,52.915290177,-2.609029566,52.915390177
"1951",-2.609029566,52.915290177,-2.608929566,52.915390177
"1994",-2.608929566,52.915390177,-2.608829566,52.915490177
"1995",-2.608929566,52.915290177,-2.608829566,52.915390177
"2038",-2.608829566,52.915390177,-2.608729566,52.915490177
"2039",-2.608829566,52.915290177,-2.608729566,52.915390177
"2083",-2.608729566,52.915290177,-2.608629566,52.915390177
"2084",-2.608729566,52.915190177,-2.608629566,52.915290177
"2085",-2.608729566,52.915090177,-2.608629566,52.915190177
"2127",-2.608629566,52.915290177,-2.608529566,52.915390177
"2128",-2.608629566,52.915190177,-2.608529566,52.915290177
"2129",-2.608629566,52.915090177,-2.608529566,52.915190177
"2172",-2.608529566,52.915190177,-2.608429566,52.915290177
"2173",-2.608529566,52.915090177,-2.608429566,52.915190177
"2174",-2.608529566,52.914990177,-2.608429566,52.915090177
"2175",-2.608529566,52.914890177,-2.608429566,52.914990177
"2217",-2.608429566,52.915090177,-2.608329566,52.915190177
"2218",-2.608429566,52.914990177,-2.608329566,52.915090177
"2219",-2.608429566,52.914890177,-2.608329566,52.914990177
"2399",-2.608029566,52.914490177,-2.607929566,52.914590177
"2400",-2.608029566,52.914390177,-2.607929566,52.914490177
"2443",-2.607929566,52.914490177,-2.607829566,52.914590177
"2444",-2.607929566,52.914390177,-2.607829566,52.914490177
"2487",-2.607829566,52.914490177,-2.607729566,52.914590177
"2531",-2.607729566,52.914490177,-2.607629566,52.914590177
